ACCOUNT_ID,PROD_CD,REGION,RATING_GRADE,DRAWN_BAL,UNDRAWN,DPD,FORBEARANCE,WATCHLIST,DEFAULT_IND,IO_FLAG,MONTHLY_PAYMENT,EIR,REMAIN_TERM_M,LTV,PD_LIFETIME_ORIG
NB010000000,2400,SE,7,7736.59,0,0,N,N,N,N,228.23,0.1437,40,0.0,0.021362
NB010000007,2100,MID,6,145954.89,0.0,0,N,N,N,N,1892.6,3.453,91,81.9,0.014524
NB010000014,2400,SCO,6,19166.4,2500,190,N,N,Y,N,275.81,0.2287,82,0.0,0.012586
NB010000021,2700,NW,6,9153.03,2500,0,N,N,N,N,317.66,0.0966,34,0.0,0.025181
NB010000028,2400,SE,4,44332.77,0,0,N,N,N,N,1188.92,0.1688,44,0.0,0.004015
NB010000035,2500,SCO,9,2328.98,2671.02,0,N,N,N,N,22.9,0.2688,120,0.0,0.037997
NB010000042,2100,SE,4,101503.01,0.0,0,N,N,N,N,460.67,3.9643,260,56.1,0.003656
NB010000049,2120,WAL,7,301848.59,0.0,0,N,N,N,N,3267.72,4.3751,109,65.1,0.023955
NB010000056,2100,WAL,5,595801.92,0.0,0,N,N,N,N,5131.72,3.9829,137,59.4,0.010728
NB010000063,2101,SCO,7,494936.91,0.0,0,N,N,N,Y,0.0,4.6385,52,58.7,0.019791
NB010000070 ,2700,SW,4,31107.3,0,0,N,N,N,N,692.58,0.063,53,0.0,0.005504
NB010000077,2400,LON,7,15922.76,0,0,N,N,N,N,361.32,0.0977,52,0.0,0.026695
NB010000084,2100,NE,3,87566.52,0.0,0,N,N,N,N,449.25,3.1491,230,72.6,0.003953
NB010000091,2600,SCO,7,244.58,755.42,0,Y,N,N,N,6.41,0.3624,45,0.0,0.038412
NB010000098,2130,WAL,12,337067.09,0.0,22,N,N,N,N,4017.57,5.8738,99,65.5,0.065394
NB010000105,2110,NE,10,615567.17,0.0,0,N,N,N,N,2882.42,3.842,252,84.4,0.06296
NB010000112,2600,NI,6,495.55,4.45,0,N,N,N,N,13.92,0.361,42,0.0,0.013766
NB010000119,2110,LON,6,345478.88,0.0,0,N,N,N,N,5995.07,5.5422,68,75.6,0.020086
NB010000126,2500,NE,10,1522.42,3477.58,0,N,N,N,N,24.95,0.3427,72,0.0,0.068077
NB010000133,2120,SE,5,529140.96,0.0,0,N,N,N,N,4080.96,7.2911,153,80.4,0.010838
NB010000140,2400,SW,15,39141.19,0,999,N,N,Y,N,1282.96,0.1205,36,0.0,0.14294
NB010000147,2100,LON,1,312016.44,0.0,0,N,N,N,N,2922.06,4.8185,126,74.5,0.000982
NB010000154,2500,SCO,4,3720.61,8279.39,0,N,N,N,N,175.61,0.271,25,0.0,0.006604
NB010000161,2110,NI,9,379094.29,0.0,0,N,N,N,N,1614.91,5.3734,277,71.1,0.051732
NB010000168,2100,WAL,8,444461.68,0.0,0,Y,N,N,N,3257.55,4.6931,161,54.5,0.030799
NB010000175,2500,WAL,6,935.83,564.17,0,N,N,N,N,25.68,0.2471,43,0.0,0.022025
NB010000182,2600,MID,2,347.74,652.26,0,N,N,N,N,13.24,0.3474,31,0.0,0.001095
NB010000189,2110,SW,6,226350.06,0.0,0,N,N,N,N,890.31,5.232,300,75.8,0.020374
NB010000196,2101,LON,15,306971.06,0.0,190,N,N,Y,Y,0.0,3.8978,115,77.5,0.153517
NB010000203,2100,NE,6,248941.17,0.0,0,N,N,N,N,1392.18,5.1204,211,39.4,0.01978
NB010000210 ,2100,LON,6,410870.74,0.0,0,N,N,N,N,1836.47,3.2872,264,65.2,0.018508
NB010000217 ,2100,SW,9,515493.83,0.0,0,N,N,N,N,2278.21,3.0817,267,67.2,0.036824
NB010000224 ,2101,SCO,4,556083.7,0.0,0,N,N,N,Y,0.0,5.6034,238,73.6,0.00566
NB010000231,2100,WAL,8,399978.22,0.0,0,N,N,N,N,2776.32,3.6851,170,79.7,0.038621
NB010000238,2100,NE,8,268478.36,0.0,0,N,N,N,N,1272.31,4.1523,249,77.6,0.041633
NB010000245 ,2100,SCO,7,573721.93,0.0,0,N,N,N,N,3091.29,4.8011,219,53.7,0.028905
NB010000252,2600,SCO,5,198.81,301.19,0,N,N,N,N,5.59,0.1985,42,0.0,0.010266
NB010000259,2100,NW,10,236425.73,0.0,0,N,N,N,N,1134.07,4.6251,246,66.0,0.066146
NB010000266,2101,MID,3,371943.1,0.0,0,N,N,N,Y,0.0,3.5252,172,52.5,0.003806
NB010000273 ,2110,NW,4,93974.83,0.0,0,N,N,N,N,684.51,6.5208,162,77.7,0.006189
NB010000280,2400,NE,6,6443.98,0,0,N,N,N,N,161.79,0.2203,47,0.0,0.021473
NB010000287,2500,NW,5,6500.52,5499.48,0,N,N,N,N,348.66,0.1912,22,0.0,0.006331
NB010000294,2101,SW,3,248797.41,0.0,0,N,N,N,Y,0.0,4.0831,143,60.8,0.003128
NB010000301,2100,SE,9,375923.27,0.0,0,N,N,N,N,2153.35,4.419,206,70.2,0.038789
NB010000308,2500,NW,7,127.1,1372.9,0,N,N,N,N,2.08,0.3347,72,0.0,0.020038
NB010000315,2110,NI,7,111648.31,0.0,0,N,N,N,N,1266.78,4.1923,104,85.5,0.021538
NB010000322,2100,LON,12,87805.67,0.0,0,N,N,N,N,677.19,4.5599,153,49.4,0.069864
NB010000329,2110,MID,9,538175.95,0.0,0,N,N,N,N,2953.71,6.1778,215,69.6,0.053649
NB010000336 ,2700,NI,11,40837.91,0,0,N,N,N,N,1003.93,0.103,48,0.0,0.061149
NB010000343,2500,NW,4,2768.8,2231.2,0,N,N,N,N,75.98,0.2225,43,0.0,0.006935
NB010000350,2101,SE,5,168257.54,0.0,0,N,N,N,Y,0.0,3.4145,153,40.6,0.005516
NB010000357,2700,SW,8,33785.56,0,0,N,N,N,N,458.24,0.1086,87,0.0,0.044674
NB010000364,2100,WAL,8,142098.61,0.0,0,N,N,N,N,1016.22,2.5404,165,52.0,0.045404
NB010000371,2101,SCO,7,499326.61,0.0,12,N,N,N,N,2740.49,5.5217,215,47.3,0.039775
NB010000378,2600,SE,9,900.65,99.35,0,N,N,N,N,17.71,0.2651,60,0.0,0.047258
NB010000385,2100,MID,10,323329.68,0.0,0,N,N,N,N,5529.41,4.9332,69,63.0,0.045936
NB010000392,2500,NI,11,372.87,2627.13,0,N,N,N,N,9.56,0.2761,46,0.0,0.088989
NB010000399,2400,WAL,7,44589.43,0,47,N,Y,N,N,773.76,0.1414,68,0.0,0.02184
NB010000406,2130,SE,11,232251.57,0.0,0,N,N,N,N,2561.28,7.8226,107,78.8,0.093654
NB010000413,2500,SCO,7,4799.56,200.44,0,N,N,N,N,50.57,0.2713,112,0.0,0.034924
NB010000420,2500,NE,6,1694.27,6305.73,0,N,N,N,N,16.94,0.192,118,0.0,0.023752
NB010000427,2400,NW,1,27113.42,0,0,N,N,N,N,999.81,0.1169,32,0.0,0.00089
NB010000434,2101,SCO,8,594997.72,0.0,0,N,N,N,Y,0.0,6.059,52,48.2,0.027569
NB010000441,2101,NE,1,603257.55,0.0,0,N,N,N,N,4505.34,2.8543,158,72.9,0.000938
NB010000448,2400,SE,5,44837.13,2500,0,N,N,N,N,1959.55,0.1162,27,0.0,0.009201
NB010000455,2400,NE,2,17167.69,2500,0,N,N,N,N,405.16,0.2239,50,0.0,0.001735
NB010000462,2500,NI,5,7580.01,419.99,0,N,N,N,N,125.98,0.3136,71,0.0,0.007418
NB010000469,2700,SW,7,39842.14,2500,0,N,N,N,N,1146.68,0.0794,41,0.0,0.030686
NB010000476,2500,SE,7,4814.88,3185.12,0,N,N,N,N,71.92,0.2941,79,0.0,0.026148
NB010000483,2101,SW,9,129913.81,0.0,0,N,N,N,N,1008.54,4.434,152,62.1,0.068368
NB010000490,2100,SW,4,294414.39,0.0,0,N,N,N,N,1447.54,5.1414,240,46.9,0.005971
NB010000497,2100,MID,4,136380.25,0.0,0,N,N,N,N,549.24,2.6411,293,55.4,0.006138
NB010000504,2700,NI,10,10807.82,2500,0,N,N,N,N,135.67,0.1332,94,0.0,0.058977
NB010000511,2100,SE,4,317544.1,0.0,0,N,N,N,N,4683.78,4.1564,80,82.8,0.004975
NB010000518 ,2101,SCO,9,488626.41,0.0,0,N,N,N,N,6946.74,2.5815,83,80.1,0.036153
NB010000525,2101,WAL,6,330134.83,0.0,0,N,N,N,Y,0.0,5.0369,167,64.3,0.013398
NB010000532 ,2120,LON,15,83176.74,0.0,N/A,N,N,Y,N,637.33,4.527,154,74.3,0.097837
NB010000539,2101,NE,9,319781.72,0.0,75,N,N,N,Y,0.0,2.934,178,63.1,0.059921
NB010000546,2700,SCO,7,32083.09,0,0,N,N,N,N,620.62,0.1275,61,0.0,0.033195
NB010000553,2700,WAL,5,24602.17,0,0,N,N,N,N,592.46,0.1123,49,0.0,0.011006
NB010000560,2500,LON,5,1913.61,1086.39,0,N,N,N,N,18.98,0.2594,119,0.0,0.007714
NB010000567,2700,NW,5,20504.28,0,0,N,N,N,N,417.16,0.088,58,0.0,0.008574
NB010000574 ,2500,MID,8,2786.24,213.76,0,N,N,N,N,69.95,0.2151,47,0.0,0.026736
NB010000581,2100,WAL,6,541938.63,0.0,62,N,N,N,N,6459.47,4.3899,99,62.1,0.019312
NB010000588 ,2101,SCO,10,532552.77,0.0,0,N,N,N,Y,0.0,2.4347,176,77.9,0.075778
NB010000595,2110,SCO,3,237590.5,0.0,0,N,N,N,N,3788.61,4.9608,74,70.1,0.00341
NB010000602,2100,NE,8,371959.68,0.0,0,N,N,N,N,1925.05,5.0605,228,55.7,0.039111
NB010000609,2500,NW,9,506.53,993.47,0,N,N,N,N,7.03,0.1986,85,0.0,0.055148
NB010000616 ,2110,NW,10,64192.88,0.0,0,N,N,N,N,413.92,4.748,183,76.8,0.054048
NB010000623,2400,WAL,9,11459.51,2500,0,N,N,N,N,314.47,0.2242,43,0.0,0.057644
NB010000630,2110,WAL,15,487421.68,0.0,0,N,N,Y,N,5638.8,6.027,102,80.4,0.146007
NB010000637,2500,SCO,5,3923.16,4076.84,47,N,N,N,N,178.05,0.3309,26,0.0,0.007055
NB010000644,2100,WAL,13,71208.34,0.0,0,N,N,N,N,287.76,4.4852,292,78.3,0.104577
NB010000651,2400,NW,7,39078.83,0,0,N,N,N,N,823.45,0.141,56,0.0,0.037873
NB010000658,2500,SE,10,230.0,1270.0,190,N,Y,Y,N,2.95,0.2668,92,0.0,0.06666
NB010000665,2500,NW,5,2361.25,2638.75,0,N,N,N,N,47.22,0.2304,59,0.0,0.011048
NB010000672,2700,SE,5,20345.31,0,0,N,N,N,N,324.43,0.099,74,0.0,0.00704
NB010000679,2110,WAL,7,257639.71,0.0,0,N,N,N,N,1044.72,5.0853,291,89.4,0.033566
NB010000686,2600,NE,7,35.35,964.65,0,N,N,N,N,0.7,0.3987,60,0.0,0.036866
NB010000693 ,2101,MID,7,349179.55,0.0,0,N,N,N,Y,0.0,4.834,88,71.3,0.035994
NB010000700,2400,SCO,4,19319.33,0,0,N,N,N,N,569.92,0.2272,40,0.0,0.006096
NB010000707,2101,LON,1,578395.3,0.0,0,N,N,N,Y,0.0,2.8687,79,67.3,0.000703
NB010000714,2600,SCO,9,2999.28,2000.72,0,N,N,N,N,80.44,0.2668,44,0.0,0.06864
NB010000721,2110,SCO,12,436811.22,0.0,0,N,N,N,N,3482.68,5.8276,148,91.3,0.110556
NB010000728,2500,NE,6,1230.63,1769.37,0,N,N,N,N,19.62,0.3199,74,0.0,0.016537
NB010000735,2500,LON,3,511.18,2488.82,0,N,N,N,N,5.43,0.2996,111,0.0,0.004036
NB010000742 ,2700,LON,11,19824.46,2500,0,N,N,N,N,487.35,0.1373,48,0.0,0.067424
NB010000749,2100,SE,6,136385.75,0.0,0,N,N,N,N,2266.69,4.4925,71,73.1,0.017586
NB010000756,2120,SE,2,616359.37,0.0,0,N,N,N,N,9569.79,7.301,76,62.3,0.001949
NB010000763,2600,MID,9,929.99,70.01,0,N,N,N,N,43.9,0.3516,25,0.0,0.063654
NB010000770,2100,NW,7,349753.38,0.0,0,N,N,N,N,6349.37,2.5756,65,37.4,0.027111
NB010000777,2110,NI,6,321036.28,0.0,0,N,N,N,N,2128.22,6.0859,178,80.4,0.025248
NB010000784,2700,SCO,7,27790.57,2500,0,N,N,N,N,1214.55,0.0915,27,0.0,0.025458
NB010000791,2500,MID,6,1293.16,206.84,0,Y,N,N,N,58.69,0.2496,26,0.0,0.0254
NB010000798,2400,NE,8,14493.46,0,0,N,N,N,N,388.69,0.1637,44,0.0,0.054331
NB010000805,2500,NE,8,4586.99,413.01,0,N,N,N,N,45.48,0.3343,119,0.0,0.031586
NB010000812,2100,SE,3,204348.03,0.0,0,N,N,N,N,2009.42,5.1413,120,37.9,0.003086
NB010000819,2110,SW,4,265162.21,0.0,0,N,N,N,N,2564.68,3.5096,122,87.6,0.007074
NB010000826 ,2100,NW,6,515532.0,0.0,0,N,N,N,N,3306.13,5.5545,184,83.2,0.014069
NB010000833,2110,NW,9,458110.87,0.0,0,N,Y,N,N,2032.22,4.5621,266,70.7,0.034427
NB010000840,2500,LON,7,4346.56,3653.44,0,N,N,N,N,366.35,0.196,14,0.0,0.027767
NB010000847,2400,LON,5,29562.51,2500,0,N,N,N,N,1202.89,0.0817,29,0.0,0.007091
NB010000854,2400,NI,4,25478.98,0,0,N,N,N,N,567.27,0.1501,53,0.0,0.005937
NB010000861,2500,MID,5,1262.8,1737.2,0,N,N,N,N,57.31,0.2524,26,0.0,0.007992
NB010000868,2120,MID,10,105392.11,0.0,0,N,N,N,N,690.9,4.4313,180,77.9,0.042894
NB010000875,2600,MID,3,332.75,167.25,0,N,N,N,N,7.27,0.3135,54,0.0,0.002629
NB010000882,2100,SW,6,504924.72,0.0,0,N,Y,N,N,2402.46,5.783,248,70.3,0.021369
NB010000889,2600,SE,5,535.5,1964.5,0,N,N,N,N,11.7,0.2084,54,0.0,0.010838
NB010000896,2110,LON,5,380510.96,0.0,0,N,N,N,N,2953.97,4.7875,152,73.8,0.010742
NB010000903,2100,SW,1,339470.98,0.0,0,N,N,N,N,3576.57,3.0794,112,78.8,0.000901
NB010000910,2500,SCO,10,5573.01,2426.99,0,N,N,N,N,234.86,0.3402,28,0.0,0.057895
NB010000917,2400,SCO,6,26856.37,0,0,N,N,N,N,1864.15,0.1214,17,0.0,0.017344
NB010000924,2500,SE,9,6821.09,1178.91,95,N,N,Y,N,114.98,0.3198,70,0.0,0.052527
NB010000931,2500,NW,9,4698.27,3301.73,0,N,N,N,N,369.6,0.2271,15,0.0,0.062787
NB010000938,2400,LON,11,31709.57,0,130,N,N,Y,N,593.93,0.1977,63,0.0,0.090369
NB010000945,2100,NE,13,180407.67,0.0,0,N,N,N,N,2504.48,3.5101,85,61.6,0.068068
NB010000952,2101,NE,6,90261.94,0.0,0,N,N,N,Y,0.0,3.2117,235,44.4,0.017733
NB010000959,2120,LON,5,327702.27,0.0,0,N,N,N,N,4296.54,6.0309,90,85.1,0.00824
NB010000966,2700,SE,7,14235.09,0,0,N,N,N,N,559.91,0.1421,30,0.0,0.036808
NB010000973,2100,NE,4,469463.1,0.0,0,N,N,N,N,4540.71,3.3971,122,83.4,0.006374
NB010000980,2110,MID,7,382299.46,0.0,0,N,N,N,N,2022.93,3.9668,223,75.7,0.034273
NB010000987,2700,LON,10,4041.36,0,0,N,Y,N,N,58.87,0.0838,81,0.0,0.071179
NB010000994,2110,SW,9,476757.46,0.0,0,N,N,N,N,2930.07,4.9632,192,85.7,0.035077
NB010001001,2120,LON,3,456324.19,0.0,0,N,N,N,N,4602.24,6.5335,117,85.9,0.003115
NB010001008 ,2100,MID,9,139477.18,0.0,5,N,N,N,N,1097.22,4.7047,150,45.6,0.042437
NB010001015,2110,SCO,6,539174.54,0.0,190,Y,N,Y,N,2891.94,5.3306,220,70.6,0.015808
NB010001022,2400,NE,11,1334.58,2500,0,N,N,N,N,92.64,0.1862,17,0.0,0.092589
NB010001029,2110,SE,10,100052.82,0.0,0,N,N,N,N,452.35,4.2422,261,83.2,0.067798
NB010001036,2600,NI,5,354.12,145.88,0,N,N,N,N,9.72,0.3916,43,0.0,0.005632
NB010001043 ,2400,SE,15,25348.83,0,0,N,N,Y,N,964.89,0.1289,31,0.0,0.123007
NB010001050,2100,LON,3,364052.02,0.0,0,N,N,N,N,1979.64,3.5049,217,76.1,0.004117
NB010001057,2500,SCO,12,253.55,1246.45,0,N,N,N,N,3.74,0.2446,80,0.0,0.092671
NB010001064,2100,NI,7,575899.56,0.0,190,N,N,Y,N,3796.43,2.4857,179,83.0,0.026175
NB010001071,2400,SW,2,25613.94,0,0,N,N,N,N,686.92,0.1079,44,0.0,0.001831
NB010001078,2400,LON,11,13119.48,0,0,N,N,N,N,227.66,0.1962,68,0.0,0.079261
NB010001085,2400,NE,8,12846.77,0,0,N,N,N,N,757.96,0.1857,20,0.0,0.03504
NB010001092,2130,WAL,3,532750.13,0.0,0,N,N,N,N,5563.23,8.9623,113,78.5,0.003945
NB010001099,2500,SW,4,3595.33,8404.67,0,N,N,N,N,44.66,0.2446,95,0.0,0.003737
NB010001106 ,2600,SE,7,187.24,812.76,0,N,N,N,N,3.68,0.246,60,0.0,0.024018
NB010001113,2100,NE,3,300014.81,0.0,0,N,N,N,N,1330.89,3.4242,266,66.9,0.003242
NB010001120,2120,SW,3,480095.92,0.0,0,N,N,N,N,9938.83,8.1282,57,76.8,0.002338
NB010001127 ,2100,WAL,8,356836.43,0.0,0,N,N,N,N,1582.96,5.8428,266,84.0,0.04274
NB010001134,2100,NI,6,232773.04,0.0,0,N,N,N,N,1525.96,4.5313,180,78.7,0.021147
NB010001141 ,2500,NW,9,9246.61,2753.39,0,N,N,N,N,147.45,0.2194,74,0.0,0.063198
NB010001148,2500,SCO,3,1206.23,293.77,0,N,N,N,N,12.6,0.2335,113,0.0,0.002446
NB010001155,2100,MID,3,145222.95,0.0,0,N,N,N,N,582.87,4.9168,294,60.4,0.003225
NB010001162,2130,SE,5,365894.58,0.0,0,N,N,N,N,6081.06,5.0902,71,67.6,0.00876
NB010001169,2600,NW,5,108.63,4891.37,0,N,N,N,N,4.58,0.2065,28,0.0,0.006071
NB010001176,2500,MID,4,6005.19,1994.81,0,N,N,N,N,208.42,0.3366,34,0.0,0.005593
NB010001183,2600,LON,9,788.33,4211.67,95,N,N,Y,N,62.02,0.1961,15,0.0,0.057334
NB010001190,2400,MID,8,19115.62,2500,0,N,N,N,N,902.26,0.1766,25,0.0,0.040384
NB010001197,2500,SCO,10,6594.66,1405.34,0,N,N,N,N,117.9,0.2199,66,0.0,0.057151
NB010001204,2500,NI,9,1795.54,3204.46,0,N,Y,N,N,35.31,0.2896,60,0.0,0.034004
NB010001211,2100,WAL,5,611904.49,0.0,0,N,N,N,N,5388.41,5.6587,134,69.4,0.005812
NB010001218,2100,NW,5,320000.35,0.0,0,N,N,N,N,1620.6,3.4637,233,48.2,0.009947
NB010001225,2500,NW,7,1336.09,1663.91,0,N,N,N,N,16.95,0.2772,93,0.0,0.026469
NB010001232,2400,SE,8,4710.3,0,0,N,N,N,N,108.98,0.2125,51,0.0,0.034082
NB010001239,2100,NE,6,588722.61,0.0,0,N,N,N,N,9784.4,4.8158,71,42.3,0.025319
NB010001246,2700,SW,7,33097.02,2500,0,N,N,N,N,542.42,0.1436,72,0.0,0.022141
NB010001253,2100,LON,6,360964.07,0.0,0,N,N,N,N,2999.56,3.2599,142,35.6,0.022234
NB010001260,2500,NW,7,1264.08,235.92,0,N,N,N,N,21.31,0.1933,70,0.0,0.035949
NB010001267,2100,SCO,5,248196.19,0.0,0,N,N,N,N,3290.69,4.0729,89,68.5,0.0103
NB010001274,2100,WAL,6,272021.3,0.0,0,N,N,N,N,1134.22,5.4926,283,39.9,0.014764
NB010001281,2400,MID,12,16576.7,0,0,N,N,N,N,287.65,0.1966,68,0.0,0.062659
NB010001288,2600,LON,7,2211.79,288.21,0,N,N,N,N,81.56,0.1957,32,0.0,0.026691
NB010001295,2100,SCO,9,545650.52,0.0,0,N,N,N,N,6191.03,5.4709,104,67.1,0.038508
NB010001302,2400,SW,4,22078.93,2500,0,N,N,N,N,635.44,0.2272,41,0.0,0.004497
NB010001309 ,2110,LON,6,313081.13,0.0,0,N,N,N,N,3003.54,4.9262,123,83.0,0.014458
NB010001316,2101,NI,1,132636.01,0.0,0,N,N,N,Y,0.0,4.8196,237,43.9,0.000789
NB010001323,2400,LON,2,7321.78,2500,0,N,N,N,N,113.68,0.166,76,0.0,0.002004
NB010001330,2100,NW,9,585593.18,0.0,0,Y,N,N,N,2568.77,4.2521,269,41.2,0.042247
NB010001337,2500,NI,5,4643.51,356.49,0,N,N,N,N,114.15,0.3435,48,0.0,0.006273
NB010001344,2500,NI,7,4319.29,3680.71,0,N,N,N,N,175.75,0.3269,29,0.0,0.022279
NB010001351,2500,NE,9,8488.42,3511.58,95,N,N,Y,N,84.17,0.3445,119,0.0,0.049028
NB010001358,2100,NI,7,312365.49,0.0,0,N,N,N,N,3071.59,5.1454,120,61.3,0.027948
NB010001365,2100,NW,6,107686.34,0.0,0,N,N,N,N,841.52,3.7522,151,86.4,0.013311
NB010001372,2100,NI,10,237755.64,0.0,0,N,N,N,N,1304.89,3.3519,215,44.2,0.056162
NB010001379,2100,MID,8,246709.07,0.0,0,N,N,N,N,2695.53,3.533,108,44.4,0.035226
NB010001386,2500,NE,5,1248.12,1751.88,0,N,N,N,N,35.07,0.2506,42,0.0,0.008611
NB010001393 ,2400,SE,7,37863.62,0,999,N,N,N,N,2030.87,0.0728,22,0.0,0.023344
NB010001400,2500,NI,10,7132.74,4867.26,0,N,N,N,N,127.52,0.3451,66,0.0,0.054031
NB010001407,2400,LON,4,5829.7,0,0,N,N,N,N,573.25,0.1205,12,0.0,0.003594
NB010001414,2500,NW,3,8527.76,3472.24,0,N,Y,N,N,91.48,0.297,110,0.0,0.003381
NB010001421,2700,MID,4,24689.88,2500,0,N,N,N,N,338.77,0.1056,86,0.0,0.003727
NB010001428,2400,SW,3,38483.01,0,0,N,Y,N,N,3493.07,0.1733,13,0.0,0.004108
NB010001435,2110,LON,9,180182.7,0.0,0,N,N,N,N,3221.45,6.5936,66,82.2,0.060161
NB010001442 ,2100,MID,10,507505.6,0.0,22,N,N,N,N,2251.34,5.3033,266,42.7,0.044616
NB010001449,2500,NW,3,2739.36,5260.64,0,N,N,N,N,32.32,0.2573,100,0.0,0.003889
NB010001456,2100,SCO,10,471633.25,0.0,0,N,N,N,N,2100.1,2.7681,265,87.3,0.053647
NB010001463 ,2400,SE,3,32713.25,0,0,N,N,N,N,941.5,0.1464,41,0.0,0.002538
NB010001470,2100,NI,7,406374.54,0.0,0,N,N,N,N,1653.52,4.3008,290,64.2,0.038464
NB010001477,2100,SE,12,427636.51,0.0,0,N,N,N,N,3504.24,3.7822,144,55.8,0.104718
NB010001484,2500,WAL,6,6164.18,5835.82,0,N,N,N,N,169.16,0.3323,43,0.0,0.017604
NB010001491,2101,SW,6,373376.78,0.0,0,N,N,N,Y,0.0,5.9689,163,44.4,0.01336
NB010001498,2100,MID,6,312860.29,0.0,0,N,N,N,N,2546.04,2.3706,145,40.1,0.019521
NB010001505,2500,NW,10,1828.99,1171.01,,N,N,N,N,35.97,0.2054,60,0.0,0.057047
NB010001512,2500,SW,10,272.02,2727.98,0,N,N,N,N,14.59,0.3375,22,0.0,0.043884
NB010001519 ,2400,SCO,15,28063.06,0,0,N,N,Y,N,459.92,0.1367,72,0.0,0.078717
NB010001526,2500,NE,8,10552.1,1447.9,0,N,N,N,N,116.37,0.3239,107,0.0,0.032048
NB010001533,2400,SE,4,42806.34,0,0,N,N,N,N,711.43,0.1797,71,0.0,0.004299
NB010001540,2600,SW,12,2289.09,210.91,47,N,N,N,N,57.47,0.3121,47,0.0,0.078895
NB010001547,2110,NW,11,397419.14,0.0,0,N,N,N,N,4077.87,3.6016,115,85.2,0.087052
NB010001554,2100,MID,5,272403.59,0.0,0,N,N,N,N,4343.73,3.5409,74,40.6,0.008185
NB010001561,2400,MID,6,15158.06,0,0,N,N,N,N,325.21,0.2027,55,0.0,0.017456
NB010001568,2400,SCO,5,18655.35,0,0,N,N,N,N,1467.55,0.2224,15,0.0,0.006378
NB010001575,2120,SCO,7,240224.23,0.0,0,N,N,N,N,1877.25,5.1103,151,63.2,0.030595
NB010001582,2700,SW,8,26768.14,0,0,N,N,N,N,501.37,0.0877,63,0.0,0.035955
NB010001589,2400,NE,9,9306.16,2500,0,N,N,N,N,577.96,0.1339,19,0.0,0.035255
NB010001596,2400,LON,9,30291.66,0,0,N,N,N,N,425.53,0.2202,84,0.0,0.059992
NB010001603,2100,NI,4,47114.71,0.0,0,N,N,N,N,185.32,2.5955,300,85.5,0.004775
NB010001610,2100,SE,9,115112.63,0.0,0,N,N,N,N,470.01,3.1443,289,63.0,0.049051
NB010001617,2100,MID,8,336928.1,0.0,0,N,N,N,N,2686.32,3.2135,148,46.7,0.042728
NB010001624,2100,NE,9,88345.43,0.0,0,N,N,N,N,363.23,2.9874,287,58.3,0.059332
NB010001631,2100,NI,7,73044.56,0.0,0,N,N,N,N,495.36,4.1172,174,79.5,0.039302
NB010001638,2600,SW,5,1662.04,3337.96,0,N,N,N,N,35.02,0.215,56,0.0,0.006297
NB010001645,2700,LON,11,16194.63,0,0,N,N,N,N,597.18,0.1047,32,0.0,0.079625
NB010001652,2110,LON,4,191753.83,0.0,0,N,N,N,N,1450.45,3.3629,156,75.4,0.005293
NB010001659,2400,SW,9,16593.76,0,0,N,N,N,N,1305.38,0.1194,15,0.0,0.063875
NB010001666,2700,LON,6,30887.13,0,0,N,N,N,N,414.17,0.1204,88,0.0,0.023205
NB010001673,2100,NI,6,129629.59,0.0,0,N,N,N,N,999.76,3.0245,153,78.4,0.0192
NB010001680,2100,NE,7,606945.17,0.0,0,N,N,N,N,3378.28,4.5974,212,71.3,0.0258
NB010001687,2100,SCO,6,551042.23,0.0,0,N,N,N,N,5243.79,3.4875,124,60.2,0.018382
NB010001694,2500,NW,1,1754.88,6245.12,0,N,N,N,N,20.5,0.2038,101,0.0,0.000883
NB010001701 ,2500,SW,8,10617.17,1382.83,0,N,N,N,N,162.7,0.2496,77,0.0,0.031709
NB010001708,2500,NI,3,1790.27,1209.73,0,N,N,N,N,27.44,0.3025,77,0.0,0.003889
NB010001715,2600,MID,8,4625.03,374.97,0,N,N,N,N,181.92,0.3989,30,0.0,0.039061
NB010001722,2400,SW,4,6670.25,0,0,N,Y,N,N,393.54,0.1338,20,0.0,0.005161
NB010001729,2400,WAL,7,39935.44,0,0,N,N,N,N,785.4,0.0808,60,0.0,0.023204
NB010001736,2500,MID,1,2801.71,2198.29,0,N,N,N,N,29.78,0.208,111,0.0,0.000642
NB010001743,2600,WAL,6,4347.56,652.44,0,N,N,N,N,320.63,0.3302,16,0.0,0.017023
NB010001750,2100,NI,1,523236.45,0.0,0,N,N,N,N,8575.26,5.7477,72,40.7,0.000609
NB010001757,2400,NI,6,4684.79,0,0,N,N,N,N,69.98,0.12,79,0.0,0.013679
NB010001764,2110,SW,7,207924.82,0.0,0,N,N,N,N,1066.74,5.3085,230,91.1,0.032105
NB010001771,2500,LON,4,1520.59,1479.41,0,N,N,N,N,27.6,0.3284,65,0.0,0.006351
NB010001778,2100,MID,15,300811.86,0.0,0,N,N,Y,N,1448.81,5.5136,245,79.2,0.154657
NB010001785,2100,LON,4,370541.87,0.0,0,N,N,N,N,1814.27,5.4967,241,65.2,0.006209
NB010001792,2600,MID,8,2610.21,2389.79,0,N,N,N,N,64.17,0.3901,48,0.0,0.05205
NB010001799,2500,MID,10,4859.68,140.32,47,Y,N,N,N,100.6,0.2923,57,0.0,0.046923
NB010001806,2100,SW,3,492261.83,0.0,0,N,N,N,N,2493.0,5.5835,233,72.1,0.003857
NB010001813,2110,MID,6,311370.81,0.0,0,N,N,N,N,2087.6,3.616,176,70.4,0.023837
NB010001820,2400,SW,3,30612.97,2500,0,N,N,N,N,2124.9,0.211,17,0.0,0.002432
NB010001827,2100,NW,9,195188.85,0.0,0,N,N,N,N,1505.38,3.7917,153,80.0,0.061405
NB010001834,2500,LON,3,7327.47,4672.53,0,N,N,N,N,72.05,0.2675,120,0.0,0.00236
NB010001841,2500,NI,14,2254.85,2745.15,0,N,N,N,N,80.63,0.3481,33,0.0,0.087112
NB010001848,2101,SW,11,400482.28,0.0,0,N,N,N,Y,0.0,2.7951,206,43.1,0.078649
NB010001855 ,2400,NE,7,10092.47,0,0,N,N,N,N,744.32,0.2284,16,0.0,0.020578
NB010001862,2100,NI,8,314520.17,0.0,12,N,N,N,N,2222.36,5.545,167,68.2,0.049563
NB010001869,2400,SE,6,40118.11,0,0,N,N,N,N,577.31,0.155,82,0.0,0.016342
NB010001876 ,2101,NE,6,272424.61,0.0,0,N,N,N,Y,0.0,5.9516,207,69.7,0.015925
NB010001883,2400,NI,6,35768.78,0,0,N,N,N,N,629.96,0.1703,67,0.0,0.017065
NB010001890 ,2600,SCO,14,4805.25,194.75,0,N,N,N,N,405.01,0.301,14,0.0,0.103263
NB010001897,2400,NW,7,28893.4,0,12,N,N,N,N,1549.74,0.086,22,0.0,0.032611
NB010001904,2600,NW,4,281.53,4718.47,0,N,N,N,N,17.48,0.2349,19,0.0,0.006966
NB010001911,2100,SCO,11,170458.97,0.0,0,N,N,N,N,708.25,3.4394,284,74.8,0.089309
NB010001918 ,2100,LON,10,385427.72,0.0,0,N,N,N,N,1659.87,4.5046,274,60.8,0.074359
NB010001925,2600,MID,5,1775.07,3224.93,0,N,N,N,N,83.78,0.1823,25,0.0,0.005564
NB010001932,2500,LON,12,1723.74,1276.26,0,N,N,N,N,20.14,0.2251,101,0.0,0.067283
NB010001939,2100,SE,5,321287.82,0.0,0,N,N,N,N,2767.3,5.4173,137,51.0,0.006458
NB010001946,2500,SCO,8,395.21,1104.79,5,Y,N,N,N,3.99,0.2397,117,0.0,0.039163
NB010001953 ,2110,NE,8,339414.49,0.0,0,N,N,N,N,3888.44,6.217,103,78.0,0.034556
NB010001960,2100,SCO,5,534032.52,0.0,0,N,N,N,N,2788.31,2.4331,226,71.8,0.010942
NB010001967,2400,WAL,4,44119.25,2500,22,N,N,N,N,788.8,0.0729,66,0.0,0.004933
NB010001974,2400,NE,10,12561.34,0,0,N,N,N,N,260.04,0.1734,57,0.0,0.05953
NB010001981 ,2500,MID,10,1345.94,154.06,0,N,N,N,N,29.41,0.212,54,0.0,0.051866
NB010001988,2120,SE,3,578887.05,0.0,0,N,N,N,N,8433.17,7.4798,81,60.2,0.003838
NB010001995,2600,SCO,4,1164.7,1335.3,0,N,N,N,N,54.97,0.3502,25,0.0,0.003626
NB010002002,2400,NW,5,39215.77,0,0,Y,N,N,N,600.97,0.114,77,0.0,0.007436
NB010002009,2101,SW,8,369335.54,0.0,0,N,N,N,Y,0.0,3.3745,58,47.7,0.042972
NB010002016 ,2400,SCO,8,31508.85,0,0,N,N,N,N,1199.37,0.1726,31,0.0,0.034053
NB010002023,2400,WAL,7,42212.4,0,0,N,N,N,N,996.21,0.1355,50,0.0,0.036516
NB010002030,2400,NE,4,20114.85,0,0,N,N,N,N,765.66,0.0988,31,0.0,0.005693
NB010002037,2500,NE,10,6370.69,1629.31,0,N,N,N,N,221.1,0.3322,34,0.0,0.044478
NB010002044,2100,NE,2,424028.97,0.0,0,N,N,N,N,2223.8,2.1414,225,45.8,0.001699
NB010002051 ,2100,SW,4,612108.37,0.0,0,N,N,N,N,2490.65,4.5612,290,42.6,0.006764
NB010002058,2400,NW,6,18134.62,0,0,N,N,N,N,475.53,0.0921,45,0.0,0.023441
NB010002065,2110,SW,6,258580.1,0.0,0,N,N,N,N,3862.34,6.5943,79,80.0,0.024679
NB010002072,2600,NW,6,1390.66,1109.34,0,N,N,N,N,27.35,0.2401,60,0.0,0.019837
NB010002079,2600,LON,8,399.35,2100.65,0,N,N,N,N,12.4,0.2376,38,0.0,0.041766
NB010002086 ,2100,SW,8,461211.55,0.0,0,N,N,N,N,2849.37,2.9372,191,47.0,0.052168
NB010002093,2120,NE,12,150338.26,0.0,0,N,N,N,N,2062.78,7.4076,86,86.5,0.108048
NB010002100,2700,NW,8,20587.52,0,0,N,N,N,N,368.08,0.1153,66,0.0,0.036761
NB010002107,2100,SW,7,367697.19,0.0,95,N,N,Y,N,3944.39,5.135,110,63.9,0.026355
NB010002114,2110,SCO,6,84366.65,0.0,0,N,N,N,N,603.35,5.1264,165,91.7,0.016286
NB010002121 ,2400,NI,3,39232.58,0,0,N,N,N,N,2204.5,0.1655,21,0.0,0.003243
NB010002128,2500,SW,7,2633.32,5366.68,0,N,N,N,N,45.7,0.2981,68,0.0,0.01986
NB010002135,2500,NI,6,702.5,2297.5,0,N,N,N,N,10.11,0.249,82,0.0,0.022458
NB010002142,2400,WAL,8,13200.87,0,,N,N,N,N,370.88,0.1581,42,0.0,0.035493
NB010002149,2500,WAL,3,1486.23,1513.77,0,N,N,N,N,92.3,0.208,19,0.0,0.003921
NB010002156,2500,WAL,6,845.11,654.89,0,N,N,N,N,8.31,0.25,120,0.0,0.024706
NB010002163,2500,SW,7,6839.92,5160.08,0,N,N,N,N,116.97,0.2227,69,0.0,0.023833
NB010002170,2100,SW,3,574872.79,0.0,0,N,N,N,N,3589.15,4.3071,189,80.6,0.00232
NB010002177,2100,NW,6,112648.91,0.0,0,N,N,N,N,956.3,3.116,139,43.6,0.021766
NB010002184,2110,MID,3,219856.34,0.0,0,N,N,N,N,3505.82,5.2525,74,79.6,0.003048
NB010002191,2101,SE,7,309692.49,0.0,95,N,N,Y,Y,0.0,5.3606,196,69.6,0.027409
NB010002198,2101,LON,2,136441.52,0.0,0,N,N,N,Y,0.0,2.5898,159,55.4,0.001669
NB010002205,2110,NW,7,245045.28,0.0,0,N,N,N,N,1690.96,4.4074,171,82.9,0.024715
NB010002212,2101,WAL,6,156725.6,0.0,0,N,N,N,Y,0.0,5.8815,209,64.9,0.022449
NB010002219,2100,MID,8,81810.01,0.0,0,N,N,N,N,524.65,2.9274,184,40.3,0.03486
NB010002226 ,2400,NW,5,22040.45,2500,0,N,N,N,N,1182.17,0.1378,22,0.0,0.006198
NB010002233,2400,NI,12,15204.85,0,0,N,N,N,N,598.06,0.1043,30,0.0,0.103764
NB010002240,2100,LON,7,150051.53,0.0,47,N,N,N,N,917.41,3.6017,193,73.7,0.032431
NB010002247,2600,SW,6,516.82,4483.18,0,N,N,N,N,18.48,0.1656,33,0.0,0.018486
NB010002254,2400,SE,10,25327.95,0,0,N,N,N,N,355.8,0.0917,84,0.0,0.074811
NB010002261,2101,LON,8,69380.12,0.0,0,N,N,N,Y,0.0,2.4307,222,78.7,0.034467
NB010002268,2100,WAL,11,380765.72,0.0,0,N,N,N,N,3594.43,3.662,125,64.1,0.097329
NB010002275,2100,NE,10,104889.9,0.0,0,N,N,N,N,419.56,2.1157,295,75.8,0.080724
NB010002282,2100,WAL,8,224918.96,0.0,0,N,N,N,N,1200.92,5.7286,221,67.3,0.04517
NB010002289 ,2101,NE,7,438920.81,0.0,0,N,N,N,Y,0.0,3.3346,97,45.5,0.029323
NB010002296,2400,SW,9,9907.78,0,0,N,N,N,N,147.99,0.1521,79,0.0,0.042585
NB010002303,2100,SCO,9,377173.08,0.0,0,N,N,N,N,1918.38,4.8956,232,62.1,0.039586
NB010002310,2101,SE,7,572229.87,0.0,0,N,N,N,Y,0.0,5.2541,138,76.0,0.030567
NB010002317,2100,WAL,1,598168.9,0.0,0,N,N,N,N,5601.9,5.2609,126,60.7,0.000828
NB010002324,2110,SCO,5,129022.83,0.0,0,N,N,N,N,831.95,5.3092,183,85.7,0.009003
NB010002331,2100,LON,8,168163.25,0.0,5,N,N,N,N,1209.96,5.5717,164,62.6,0.038715
NB010002338,2400,SE,5,24337.35,2500,0,N,N,N,N,870.24,0.0822,33,0.0,0.007717
NB010002345,2110,LON,8,315065.03,0.0,5,N,N,N,N,1542.64,6.232,241,90.3,0.045253
NB010002352,2500,SW,5,3833.73,8166.27,0,N,N,N,N,39.34,0.2971,115,0.0,0.011027
NB010002359,2100,SCO,6,70209.17,0.0,0,N,N,N,N,378.3,2.1761,219,75.9,0.015667
NB010002366,2700,SCO,8,24794.68,2500,0,N,N,N,N,340.21,0.0999,86,0.0,0.028194
NB010002373,2500,WAL,13,291.39,1208.61,47,N,N,N,N,28.65,0.2099,12,0.0,0.115832
NB010002380,2400,NI,10,24347.8,0,0,N,N,N,N,410.43,0.1395,70,0.0,0.063893
NB010002387,2100,SCO,6,242563.83,0.0,0,N,N,N,N,2725.96,2.2603,105,76.4,0.024938
NB010002394,2100,SCO,6,523328.78,0.0,0,N,N,N,N,2100.44,3.2354,294,72.3,0.014222
NB010002401,2110,WAL,9,614154.93,0.0,0,Y,N,N,N,3007.07,4.6321,241,82.5,0.067371
NB010002408,2100,MID,4,600119.61,0.0,0,N,N,N,N,2433.47,3.7091,291,62.9,0.005008
NB010002415,2110,SW,9,383038.57,0.0,0,N,N,N,N,5078.49,4.5866,89,87.0,0.06223
NB010002422,2500,NE,7,2561.42,2438.58,0,N,N,N,N,73.72,0.3295,41,0.0,0.032455
NB010002429,2500,LON,8,987.25,4012.75,0,N,N,N,N,30.66,0.2257,38,0.0,0.045434
NB010002436 ,2400,MID,9,38699.77,0,0,N,N,N,N,1304.74,0.1253,35,0.0,0.039714
NB010002443 ,2100,LON,3,143590.16,0.0,0,N,N,N,N,1645.01,3.8941,103,71.2,0.00283
NB010002450,2500,SCO,7,1336.96,1663.04,0,N,N,N,N,105.17,0.3278,15,0.0,0.023594
NB010002457 ,2130,WAL,3,175407.75,0.0,0,N,N,N,N,3285.41,8.0022,63,70.9,0.002328
NB010002464,2400,WAL,5,22561.66,0,0,N,N,N,N,522.01,0.1001,51,0.0,0.00607
NB010002471,2500,SCO,12,4244.47,755.53,5,N,N,N,N,78.26,0.2377,64,0.0,0.105057
NB010002478,2400,NI,11,20053.55,0,0,N,N,N,N,307.31,0.0785,77,0.0,0.088778
NB010002485,2100,SCO,6,259176.87,0.0,0,N,Y,N,N,1985.9,5.7735,154,64.5,0.016621
NB010002492,2500,NI,4,1111.74,388.26,0,N,N,N,N,16.61,0.2126,79,0.0,0.004342
NB010002499,2101,SE,3,343654.3,0.0,0,N,N,N,Y,0.0,5.324,229,56.0,0.00252
NB010002506,2400,MID,1,3370.12,0,0,N,N,N,N,305.9,0.222,13,0.0,0.000861
NB010002513,2500,SW,6,3672.8,8327.2,0,N,N,N,N,80.26,0.3104,54,0.0,0.014428
NB010002520,2100,LON,4,327200.6,0.0,0,N,N,N,N,3217.47,3.9999,120,67.3,0.00341
NB010002527,2100,SE,5,591666.93,0.0,0,N,N,N,N,2441.14,3.8596,286,52.3,0.006176
NB010002534,2400,NE,4,14859.42,0,0,N,N,N,N,273.97,0.1227,64,0.0,0.005202
NB010002541,2400,MID,11,27239.61,0,0,N,N,N,N,868.72,0.0761,37,0.0,0.052454
NB010002548,2400,NI,7,4088.67,0,0,N,N,N,N,98.46,0.147,49,0.0,0.028602
NB010002555,2110,SW,5,356567.08,0.0,0,N,N,N,N,6473.06,4.7814,65,77.9,0.006934
NB010002562,2500,SW,8,2909.82,90.18,0,N,N,N,N,66.03,0.2217,52,0.0,0.050027
NB010002569 ,2100,WAL,7,324629.45,0.0,0,N,N,N,N,3869.32,4.1747,99,85.0,0.035676
NB010002576,2400,LON,14,7015.73,0,0,N,N,N,N,102.2,0.0755,81,0.0,0.096821
NB010002583,2400,SE,7,5383.78,0,0,N,N,N,N,119.87,0.0932,53,0.0,0.023725
NB010002590,2500,SW,6,2664.38,335.62,0,N,N,N,N,131.0,0.2256,24,0.0,0.018541
NB010002597,2600,SCO,6,45.29,454.71,0,N,N,N,N,1.01,0.3715,53,0.0,0.015525
NB010002604,2400,SW,1,5131.35,0,0,N,N,N,N,151.37,0.1412,40,0.0,0.000579
NB010002611,2101,SW,8,232089.64,0.0,0,N,N,N,Y,0.0,4.4441,220,78.8,0.045522
NB010002618,2110,NW,8,467164.46,0.0,62,N,N,N,N,5404.45,4.2114,102,80.1,0.052779
NB010002625,2100,NE,8,198251.45,0.0,0,N,N,N,N,3773.17,5.6821,62,54.5,0.043644
NB010002632,2100,SE,6,271371.14,0.0,0,N,N,N,N,1489.39,4.8215,215,85.3,0.016006
NB010002639,2500,NW,12,7293.24,4706.76,130,N,N,Y,N,80.43,0.1915,107,0.0,0.086717
NB010002646,2110,WAL,10,278033.11,0.0,0,N,N,N,N,5378.35,3.267,61,69.0,0.062902
NB010002653,2110,NI,9,229269.83,0.0,0,N,N,N,N,936.12,5.2668,289,91.1,0.054354
NB010002660,2500,SE,3,3991.18,4008.82,62,N,N,N,N,41.31,0.3435,114,0.0,0.003241
NB010002667,2400,NW,6,42285.45,0,0,Y,N,N,N,594.01,0.1111,84,0.0,0.019145
NB010002674,2100,SCO,9,168503.73,0.0,0,N,N,N,N,924.81,5.6258,215,76.6,0.054092
NB010002681,2101,LON,9,103281.75,0.0,0,N,N,N,N,1400.83,4.4152,87,45.1,0.063737
NB010002688 ,2700,SE,5,20037.55,0,0,N,N,N,N,738.88,0.1322,32,0.0,0.008454
NB010002695,2700,WAL,4,20722.49,0,0,N,N,N,N,326.03,0.0948,75,0.0,0.003557
NB010002702,2100,LON,7,192860.69,0.0,0,N,N,N,N,812.77,2.9909,280,76.2,0.030508
NB010002709,2400,WAL,5,42045.94,0,,N,N,N,N,636.08,0.1666,78,0.0,0.007419
NB010002716,2500,SCO,7,6677.65,5322.35,0,N,N,N,N,179.08,0.2678,44,0.0,0.025506
NB010002723,2100,WAL,7,156548.98,0.0,0,N,N,N,N,883.87,2.116,209,78.4,0.021495
NB010002730,2100,NI,5,499678.23,0.0,0,N,N,N,N,2692.33,2.9506,219,65.8,0.008995
NB010002737,2500,SE,7,6495.66,1504.34,0,N,N,N,N,121.66,0.3318,63,0.0,0.031823
NB010002744,2400,LON,3,1211.06,2500,0,N,Y,N,N,42.03,0.0788,34,0.0,0.003038
NB010002751,2110,NI,4,373662.15,0.0,0,N,N,N,N,1530.98,4.3118,288,79.2,0.003958
NB010002758,2500,NI,7,3281.73,4718.27,0,N,N,N,N,99.29,0.2812,39,0.0,0.022303
NB010002765,2600,SE,3,426.42,2073.58,0,N,N,N,N,8.39,0.3508,60,0.0,0.002436
NB010002772,2100,SCO,4,422763.83,0.0,0,N,N,N,N,2019.68,5.148,247,39.7,0.004035
NB010002779,2100,NE,5,559237.44,0.0,0,N,N,N,N,3645.86,4.3769,181,64.4,0.00978
NB010002786,2700,NI,6,11835.45,2500,0,N,N,N,N,228.95,0.1049,61,0.0,0.02038
NB010002793,2400,NI,9,25121.61,0,0,N,N,N,N,395.25,0.2096,75,0.0,0.047237
NB010002800,2110,WAL,6,470996.55,0.0,0,N,N,N,N,3037.03,4.5742,183,69.5,0.014849
NB010002807,2110,NW,9,573661.98,0.0,0,N,N,N,N,4835.15,3.5555,140,80.4,0.041973
NB010002814,2110,LON,7,385298.95,0.0,0,N,N,N,N,2239.67,5.8588,203,71.3,0.02931
NB010002821,2100,MID,10,375613.83,0.0,0,N,N,N,N,1678.88,3.4875,264,57.4,0.062102
NB010002828,2100,SW,7,297626.22,0.0,0,N,N,N,N,1995.45,3.7735,176,54.5,0.036599
NB010002835,2500,NI,6,2739.7,260.3,0,N,N,N,N,28.36,0.2246,114,0.0,0.020375
NB010002842,2600,SCO,10,1288.31,1211.69,0,N,N,N,N,52.42,0.2352,29,0.0,0.064308
NB010002849,2100,NI,14,451380.61,0.0,0,N,N,N,N,2017.53,3.5453,264,55.7,0.077699
NB010002856,2100,WAL,5,305691.58,0.0,0,N,N,N,N,2753.56,4.3226,131,71.3,0.005947
NB010002863,2700,LON,8,25433.84,0,0,N,N,N,N,638.55,0.1281,47,0.0,0.03257
NB010002870,2400,NI,4,24283.79,0,0,N,N,N,N,666.39,0.1858,43,0.0,0.00447
NB010002877,2100,NE,9,123458.02,0.0,0,N,N,N,N,1867.7,4.3808,78,85.4,0.055465
NB010002884,2110,SE,9,414108.38,0.0,0,N,N,N,N,1916.27,3.1056,255,87.9,0.058286
NB010002891,2110,LON,6,143930.43,0.0,0,N,N,N,N,679.35,5.1941,250,79.6,0.014248
NB010002898,2100,NW,3,616781.74,0.0,0,N,N,N,N,3602.98,4.8657,202,67.9,0.002075
NB010002905,2600,NI,5,889.78,110.22,0,N,N,N,N,20.19,0.3906,52,0.0,0.007574
NB010002912,2100,SCO,6,99676.47,0.0,0,N,N,N,N,1336.57,5.5837,88,51.1,0.016786
NB010002919,2100,WAL,3,213461.43,0.0,0,N,N,N,N,1278.6,2.5144,197,54.2,0.002364
NB010002926,2130,NI,4,101994.43,0.0,0,N,N,N,N,1104.16,8.0077,109,77.8,0.005053
NB010002933,2100,MID,4,593092.84,0.0,0,N,N,N,N,3824.31,2.2276,183,46.2,0.0065
NB010002940,2101,SW,7,127899.11,0.0,0,N,Y,N,N,2959.23,5.9697,51,81.2,0.028464
NB010002947,2400,NW,7,6276.74,0,0,N,N,N,N,127.7,0.1103,58,0.0,0.027623
NB010002954,2100,LON,11,513248.41,0.0,0,N,Y,N,N,5996.37,3.2294,101,44.9,0.095444
NB010002961,2120,WAL,7,87393.61,0.0,0,N,N,N,N,2062.49,6.2896,50,60.8,0.020095
NB010002968,2500,NE,6,1105.84,3894.16,0,N,N,N,N,13.32,0.3055,98,0.0,0.019774
NB010002975,2110,NE,4,464336.16,0.0,0,N,N,N,N,3424.48,6.1738,160,71.2,0.00427
NB010002982,2400,SCO,15,25822.72,0,0,N,N,Y,N,441.61,0.1964,69,0.0,0.142648
NB010002989,2100,NI,8,276624.93,0.0,0,N,N,N,N,2147.48,2.6654,152,45.5,0.046253
NB010002996,2101,SE,7,371595.74,0.0,0,N,N,N,Y,0.0,4.6194,77,78.5,0.030335
NB010003003,2100,SW,4,563049.27,0.0,0,N,N,N,N,6849.47,4.1431,97,73.7,0.003845
NB010003010,2101,NW,7,562172.04,0.0,0,N,N,N,N,3948.59,5.2869,168,44.5,0.028572
NB010003017,2400,MID,9,27918.93,0,5,N,N,N,N,658.89,0.0775,50,0.0,0.067057
NB010003024,2100,WAL,8,442760.28,0.0,0,N,N,N,N,1859.28,5.6766,281,49.6,0.045034
NB010003031,2101,LON,5,65902.78,0.0,0,Y,N,N,Y,0.0,5.296,154,79.4,0.010895
NB010003038,2400,LON,11,35057.13,0,0,N,N,N,N,766.06,0.1977,54,0.0,0.058386
NB010003045,2100,NI,2,397047.97,0.0,0,N,N,N,N,2319.39,4.7357,202,83.9,0.00172
NB010003052,2100,WAL,6,132104.13,0.0,0,N,N,N,N,1901.01,5.1574,82,60.6,0.016546
NB010003059,2110,SCO,7,555727.8,0.0,0,N,N,N,N,2602.22,3.2647,252,76.6,0.028018
NB010003066,2100,NW,9,529571.6,0.0,0,N,N,N,N,2509.62,5.8498,249,53.5,0.039373
NB010003073 ,2100,LON,8,534694.01,0.0,12,N,Y,N,N,2628.91,2.4417,240,66.5,0.033317
NB010003080,2110,SW,7,301803.23,0.0,0,N,N,N,N,1348.97,5.2556,264,87.6,0.035386
NB010003087,2100,WAL,6,596666.08,0.0,0,N,N,N,N,2541.75,3.8787,277,37.0,0.021253
NB010003094,2400,MID,10,26317.11,0,0,N,N,N,N,690.09,0.0749,45,0.0,0.06417
NB010003101,2110,NI,10,420880.94,0.0,0,N,N,N,N,2060.74,5.086,241,87.1,0.067951
NB010003108,2100,SCO,12,479942.16,0.0,0,N,N,N,N,2082.1,3.7774,272,86.2,0.084747
NB010003115,2130,SE,3,449875.23,0.0,0,N,N,N,N,8426.23,5.0616,63,83.5,0.00345
NB010003122,2700,SCO,7,13403.33,2500,0,N,N,N,N,510.19,0.1372,31,0.0,0.019945
NB010003129,2100,LON,9,533861.54,0.0,0,N,N,N,N,4532.06,3.9415,139,57.8,0.041044
NB010003136,2130,NE,3,140484.01,0.0,0,N,N,N,N,2302.38,8.7196,72,80.8,0.003641
NB010003143,2400,NW,2,31948.84,0,0,N,N,N,N,1256.65,0.1347,30,0.0,0.001707
NB010003150,2500,WAL,7,3170.88,1829.12,0,N,N,N,N,32.82,0.3399,114,0.0,0.034318
NB010003157,2100,SW,9,450012.47,0.0,0,N,N,N,N,2709.26,4.6712,196,42.0,0.046741
NB010003164,2700,SW,8,10033.43,0,0,N,N,N,N,137.67,0.1399,86,0.0,0.042524
NB010003171,2400,WAL,5,30955.45,0,0,N,N,N,N,676.43,0.1634,54,0.0,0.006582
NB010003178,2500,NI,8,3502.49,4497.51,0,N,N,N,N,51.66,0.3212,80,0.0,0.034522
NB010003185,2100,NE,3,574562.54,0.0,0,N,N,N,N,2558.43,2.9162,265,57.3,0.003662
NB010003192,2400,SE,11,26906.17,2500,0,N,N,N,N,907.12,0.2271,35,0.0,0.086459
NB010003199,2600,WAL,3,600.66,4399.34,0,N,N,N,N,14.18,0.2729,50,0.0,0.003833
NB010003206,2400,SW,3,30395.03,0,0,N,N,N,N,1024.75,0.1776,35,0.0,0.002184
NB010003213,2700,WAL,13,44096.91,0,0,N,N,N,N,1107.11,0.1365,47,0.0,0.084143
NB010003220,2110,NE,9,455811.22,0.0,0,N,N,N,N,2006.93,3.3349,268,85.3,0.050378
NB010003227,2100,NW,6,461738.21,0.0,0,N,N,N,N,3149.43,4.5646,173,37.8,0.015043
NB010003234,2400,MID,4,36329.27,0,0,N,N,N,N,549.6,0.1074,78,0.0,0.00511
NB010003241,2700,SE,4,34073.72,2500,0,N,N,N,N,1386.45,0.0981,29,0.0,0.00675
NB010003248,2120,SW,11,545052.17,0.0,47,N,N,N,N,4096.57,5.3266,157,81.4,0.084405
NB010003255,2100,SCO,8,142818.52,0.0,0,N,N,N,N,1668.57,3.2179,101,58.2,0.030651
NB010003262,2400,NI,3,3972.92,0,0,N,N,N,N,360.62,0.1606,13,0.0,0.002057
NB010003269,2400,SCO,6,7884.02,0,0,N,N,N,N,182.41,0.111,51,0.0,0.013433
NB010003276,2100,SCO,6,136935.41,0.0,0,N,N,N,N,561.05,3.1797,288,75.1,0.014737
NB010003283,2101,SCO,8,149634.82,0.0,0,N,N,N,Y,0.0,5.3327,186,44.2,0.037897
NB010003290,2600,NI,9,208.05,291.95,0,N,N,N,N,4.23,0.267,58,0.0,0.032981
NB010003297,2110,MID,9,269330.09,0.0,95,N,N,Y,N,1095.89,4.6731,290,74.6,0.059963
NB010003304,2101,NI,11,105190.7,0.0,0,N,N,N,Y,0.0,5.7037,105,52.3,0.074302
NB010003311 ,2400,WAL,6,5792.37,2500,0,N,N,N,N,569.58,0.1556,12,0.0,0.019233
NB010003318,2500,SE,9,11480.9,519.1,0,N,N,N,N,135.47,0.2907,100,0.0,0.045418
NB010003325,2500,MID,8,4833.21,166.79,0,N,N,N,N,49.17,0.2487,116,0.0,0.034632
NB010003332 ,2500,SE,10,4455.31,7544.69,0,N,N,N,N,228.58,0.2653,23,0.0,0.042164
NB010003339,2100,LON,4,414572.52,0.0,0,N,N,N,N,1839.08,5.6028,266,59.7,0.006309
NB010003346,2101,WAL,4,430265.24,0.0,0,N,N,N,Y,0.0,4.0382,57,79.3,0.005019
NB010003353,2500,NE,10,1960.32,3039.68,0,N,N,N,N,25.14,0.3022,92,0.0,0.080123
NB010003360,2500,SCO,8,2171.04,828.96,0,N,N,N,N,25.88,0.2523,99,0.0,0.045703
NB010003367,2600,SCO,8,883.65,116.35,0,N,N,N,N,25.43,0.3133,41,0.0,0.036445
NB010003374,2101,SE,10,230541.9,0.0,0,N,N,N,Y,0.0,4.1811,214,79.4,0.074734
NB010003381 ,2400,SW,2,4067.2,2500,0,N,N,N,N,239.96,0.0931,20,0.0,0.001574
NB010003388 ,2101,NW,4,246068.26,0.0,130,N,N,Y,N,2074.0,3.0031,140,74.6,0.005913
NB010003395,2100,NW,6,512563.86,0.0,0,N,N,N,N,2390.61,3.3957,253,87.7,0.023342
NB010003402,2700,SE,5,22636.46,2500,0,N,N,N,N,989.3,0.0787,27,0.0,0.01027
NB010003409,2101,LON,8,288259.53,0.0,0,N,N,N,Y,0.0,6.0905,85,44.1,0.043552
NB010003416,2120,SCO,6,559778.23,0.0,0,N,N,N,N,5694.3,4.2588,116,61.8,0.018415
NB010003423,2100,LON,9,568630.14,0.0,,N,N,N,N,4564.51,3.0633,147,64.2,0.033723
NB010003430,2700,NE,2,26616.83,0,0,N,N,N,N,356.91,0.0884,88,0.0,0.001628
NB010003437,2400,NI,7,17432.85,2500,0,N,N,N,N,289.73,0.2042,71,0.0,0.027601
NB010003444,2110,MID,10,180490.55,0.0,0,N,N,N,N,1075.65,5.5024,198,83.6,0.042477
NB010003451,2110,SE,10,513093.35,0.0,0,N,N,N,N,5606.02,5.435,108,79.0,0.046671
NB010003458,2700,SCO,7,12331.11,0,0,N,N,N,N,454.71,0.1126,32,0.0,0.038839
NB010003465,2600,NE,14,202.48,797.52,0,N,N,N,N,9.19,0.2578,26,0.0,0.06761
NB010003472,2100,WAL,10,206093.82,0.0,0,N,N,N,N,3199.88,2.7131,76,44.1,0.061245
NB010003479,2400,SW,5,2212.71,0,0,N,N,N,N,37.84,0.2284,69,0.0,0.005646
NB010003486,2400,SE,12,34018.18,0,0,N,N,N,N,2230.08,0.1766,18,0.0,0.08914
NB010003493 ,2700,SE,7,28420.41,0,0,N,N,N,N,745.25,0.0803,45,0.0,0.026073
NB010003500,2600,NW,6,2997.74,2002.26,0,N,N,N,N,98.26,0.3184,36,0.0,0.019614
NB010003507 ,2500,WAL,8,2358.82,5641.18,47,N,N,N,N,23.79,0.3016,117,0.0,0.032792
NB010003514,2400,NI,6,22238.76,0,0,N,N,N,N,444.78,0.0833,59,0.0,0.01534
NB010003521,2100,SW,5,541110.04,0.0,0,Y,N,N,N,3360.58,4.3655,190,43.9,0.010401
NB010003528,2400,SW,10,19230.01,0,0,N,N,N,N,283.64,0.095,80,0.0,0.063881
NB010003535,2400,NW,9,6801.54,0,0,N,N,N,N,170.76,0.1305,47,0.0,0.051299
NB010003542,2400,NE,4,40885.67,0,0,N,N,N,N,1048.81,0.1084,46,0.0,0.005742
NB010003549,2110,NI,5,105845.92,0.0,0,N,Y,N,N,805.79,6.3282,155,68.8,0.010222
NB010003556,2400,NI,5,10164.77,2500,0,N,N,N,N,168.94,0.146,71,0.0,0.009619
NB010003563,2100,SCO,8,490714.24,0.0,95,N,N,Y,N,3216.9,3.405,180,76.9,0.03181
NB010003570,2400,NW,5,41005.28,2500,0,N,N,N,N,3225.75,0.1897,15,0.0,0.005392
NB010003577,2110,NI,10,524178.74,0.0,0,N,N,N,N,9371.68,4.2537,66,89.5,0.075376
NB010003584,2120,NI,10,126070.25,0.0,0,N,N,N,N,1011.99,4.7018,147,75.8,0.054548
NB010003591,2100,SW,6,196590.69,0.0,0,N,N,N,N,868.83,4.0855,267,35.2,0.022806
NB010003598,2500,NI,10,2556.48,5443.52,0,N,N,N,N,79.39,0.2662,38,0.0,0.05417
NB010003605,2101,WAL,3,535976.34,0.0,0,N,N,N,Y,0.0,5.6177,102,44.8,0.003277
NB010003612,2100,NE,2,336619.23,0.0,0,N,N,N,N,4317.51,2.1971,92,40.3,0.001319
NB010003619,2600,SW,6,1789.25,710.75,0,N,Y,N,N,43.99,0.2792,48,0.0,0.013685
NB010003626,2100,SCO,5,110557.63,0.0,0,N,N,N,N,1890.7,3.7373,69,67.0,0.008241
NB010003633,2110,LON,7,107995.95,0.0,0,N,N,N,N,715.93,6.2152,178,84.4,0.031321
NB010003640,2700,NW,8,7169.31,2500,0,N,N,N,N,117.5,0.1011,72,0.0,0.031788
NB010003647,2100,SE,1,194696.35,0.0,0,N,N,N,N,770.95,3.7175,298,35.5,0.000515
NB010003654,2400,NE,8,37698.19,0,0,N,N,N,N,1034.51,0.1457,43,0.0,0.026937
NB010003661,2500,LON,2,4952.51,7047.49,0,N,N,N,N,72.15,0.3061,81,0.0,0.001357
NB010003668,2500,NI,2,911.88,2088.12,0,N,N,N,N,14.54,0.2601,74,0.0,0.001103
NB010003675,2101,SW,4,271810.87,0.0,190,N,N,Y,N,2124.08,4.6991,151,62.7,0.003871
NB010003682 ,2600,NE,5,135.25,864.75,0,N,N,N,N,2.7,0.3252,59,0.0,0.00641
NB010003689,2101,MID,9,465874.42,0.0,0,N,N,N,N,6467.43,4.4602,85,61.2,0.042994
NB010003696,2500,NW,15,1665.92,3334.08,0,N,N,Y,N,140.41,0.1942,14,0.0,0.114472
NB010003703,2100,SE,7,255622.66,0.0,0,N,N,N,N,2578.07,5.7388,117,70.7,0.034148
NB010003710,2500,NI,11,332.3,1167.7,0,N,N,N,N,28.01,0.2862,14,0.0,0.096441
NB010003717,2500,NE,4,747.08,2252.92,0,N,N,N,N,58.77,0.3112,15,0.0,0.003436
NB010003724,2100,SCO,9,478849.76,0.0,0,N,N,N,N,7244.14,5.8195,78,72.5,0.058341
NB010003731,2700,LON,6,21514.06,0,0,N,N,N,N,906.66,0.1085,28,0.0,0.013429
NB010003738,2500,SE,5,5647.15,2352.85,0,N,N,N,N,130.66,0.2115,51,0.0,0.011251
NB010003745,2400,NE,5,21827.05,0,0,Y,N,N,N,888.14,0.1101,29,0.0,0.010698
NB010003752,2100,SCO,3,295609.93,0.0,0,N,N,N,N,2813.06,5.0135,124,37.3,0.002393
NB010003759,2110,LON,7,561021.94,0.0,0,N,N,N,N,3036.72,6.2912,218,77.9,0.030403
NB010003766,2400,SCO,8,44609.5,0,0,N,N,N,N,1032.14,0.086,51,0.0,0.046497
NB010003773 ,2100,MID,7,359473.19,0.0,0,N,N,N,N,1437.89,5.8025,295,37.2,0.02862
NB010003780,2101,NE,9,324100.87,0.0,0,N,N,N,Y,0.0,3.4185,83,64.2,0.062322
NB010003787,2110,WAL,5,291531.9,0.0,12,N,N,N,N,1746.23,6.7336,197,71.7,0.006527
NB010003794,2600,WAL,11,1600.87,899.13,47,N,N,N,N,34.35,0.222,55,0.0,0.094267
NB010003801,2100,LON,1,402288.75,0.0,0,N,N,N,N,2187.56,4.1292,217,69.7,0.000529
NB010003808,2100,LON,5,562638.64,0.0,0,N,N,N,N,5626.39,4.5254,118,77.0,0.01006
NB010003815,2100,NI,5,62975.73,0.0,0,N,N,N,N,505.52,4.6852,147,40.6,0.008427
NB010003822 ,2100,NE,10,465996.75,0.0,0,N,N,N,N,6109.74,3.3036,90,47.5,0.056069
NB010003829,2400,NW,6,22848.17,0,0,N,N,N,N,456.96,0.1093,59,0.0,0.012295
NB010003836,2130,WAL,6,509896.24,0.0,0,N,N,N,N,8474.33,8.9102,71,65.1,0.025054
NB010003843,2400,MID,10,4781.0,0,0,N,N,N,N,110.62,0.1277,51,0.0,0.049968
NB010003850,2400,LON,5,31941.52,2500,35,N,N,N,N,459.65,0.0694,82,0.0,0.005436
NB010003857,2700,NE,9,15659.23,2500,0,N,N,N,N,288.72,0.0914,64,0.0,0.06567
NB010003864,2400,NW,9,26390.93,0,0,N,N,N,N,546.34,0.1833,57,0.0,0.068319
NB010003871,2100,NI,4,119491.93,0.0,0,N,N,N,N,952.71,3.4224,148,81.0,0.004601
NB010003878 ,2100,LON,3,190088.09,0.0,0,N,Y,N,N,1078.38,3.7714,208,77.8,0.00267
NB010003885,2101,WAL,10,399044.58,0.0,0,N,N,N,N,2242.25,5.0482,210,67.6,0.076037
NB010003892,2400,NW,6,43929.55,0,0,N,N,N,N,909.42,0.2149,57,0.0,0.018502
NB010003899 ,2130,LON,7,603212.93,0.0,0,N,N,N,N,6299.04,8.4122,113,67.9,0.022779
NB010003906,2100,SW,9,356651.49,0.0,190,N,N,Y,N,4008.08,2.2773,105,36.8,0.05679
NB010003913,2100,NW,13,576415.68,0.0,95,N,N,Y,N,3163.58,4.3706,215,43.3,0.062195
NB010003920,2500,WAL,8,621.57,2378.43,0,N,N,N,N,20.37,0.25,36,0.0,0.027219
NB010003927,2100,NW,7,400894.07,0.0,0,N,N,N,N,1987.63,5.1504,238,58.2,0.03546
NB010003934 ,2100,NI,5,505617.86,0.0,0,N,N,N,N,2377.01,3.3066,251,36.0,0.00951
NB010003941 ,2400,LON,11,13415.27,2500,0,N,N,N,N,213.92,0.199,74,0.0,0.089676
NB010003948,2400,NW,7,6981.21,0,999,N,N,N,N,175.27,0.0949,47,0.0,0.029809
NB010003955,2130,SCO,6,206597.14,0.0,0,N,N,N,N,3932.01,5.5679,62,81.7,0.018705
NB010003962,2100,NE,5,536453.34,0.0,0,N,N,N,N,3931.77,2.9389,161,72.6,0.01071
NB010003969 ,2500,SCO,1,5431.83,2568.17,0,N,N,N,N,156.33,0.247,41,0.0,0.001006
NB010003976,2400,SE,5,13374.22,0,0,N,N,N,N,478.23,0.1769,33,0.0,0.01083
NB010003983,2110,WAL,2,255449.39,0.0,0,N,N,N,N,1773.12,3.8499,170,77.1,0.001733
NB010003990 ,2700,LON,7,19273.58,2500,0,N,N,N,N,270.75,0.1205,84,0.0,0.036258
NB010003997,2110,NE,8,194886.42,0.0,0,N,N,N,N,877.73,4.9201,262,72.9,0.050645
NB010004004,2110,WAL,8,206198.27,0.0,0,N,N,N,N,973.26,5.5411,250,75.9,0.041002
NB010004011,2500,LON,9,8189.81,3810.19,0,N,N,N,N,604.0,0.2274,16,0.0,0.054312
NB010004018,2100,SCO,8,481817.58,0.0,0,N,N,N,N,2059.94,3.2103,276,70.0,0.051475
NB010004025,2400,WAL,6,36944.37,0,0,N,N,N,N,1362.32,0.2108,32,0.0,0.022159
NB010004032,2600,NW,7,917.28,82.72,0,Y,N,N,N,36.08,0.3261,30,0.0,0.034871
NB010004039,2400,NI,11,2524.86,0,0,N,N,N,N,37.71,0.1656,79,0.0,0.077678
NB010004046,2400,SE,15,7709.65,0,0,N,N,Y,N,139.96,0.1849,65,0.0,0.085396
NB010004053,2400,SE,4,41775.53,2500,0,N,N,N,N,601.16,0.1949,82,0.0,0.006266
NB010004060,2120,SW,7,570797.38,0.0,0,N,N,N,N,7483.79,7.7695,90,79.8,0.035665
NB010004067,2500,LON,7,2543.43,456.57,0,N,N,N,N,51.75,0.2972,58,0.0,0.02996
NB010004074,2700,NI,4,1310.42,0,0,N,N,N,N,16.28,0.135,95,0.0,0.006597
NB010004081,2110,MID,6,535238.81,0.0,0,N,N,N,N,2347.89,4.8239,269,72.8,0.021469
NB010004088,2120,SE,5,424476.56,0.0,0,N,N,N,N,9106.95,7.9121,55,69.3,0.007372
NB010004095,2500,NE,5,5249.46,2750.54,0,N,N,N,N,52.05,0.2829,119,0.0,0.00834
NB010004102,2101,WAL,11,598171.56,0.0,0,N,N,N,Y,0.0,2.5793,219,40.2,0.073576
NB010004109,2101,SW,2,63245.36,0.0,0,N,N,N,Y,0.0,4.8136,133,44.9,0.001885
NB010004116,2500,SE,6,2253.93,746.07,0,N,N,N,N,34.54,0.2304,77,0.0,0.021194
NB010004123 ,2400,LON,7,38010.97,0,0,N,Y,N,N,975.06,0.0843,46,0.0,0.02346
NB010004130,2110,LON,7,381118.98,0.0,0,N,N,N,N,2072.44,6.6357,217,91.1,0.032338
NB010004137,2400,SCO,5,16492.46,2500,0,N,N,N,N,259.48,0.1195,75,0.0,0.00934
NB010004144,2100,SW,4,552180.54,0.0,0,N,N,N,N,5130.5,3.9493,127,72.4,0.00672
NB010004151 ,2110,WAL,4,375586.13,0.0,0,N,Y,N,N,1605.77,4.8545,276,88.5,0.006712
NB010004158,2100,MID,8,307600.96,0.0,0,N,N,N,N,1688.23,2.706,215,51.8,0.050627
NB010004165,2110,SCO,8,356312.97,0.0,0,N,N,N,N,1695.36,6.7567,248,68.1,0.034287
NB010004172,2600,NE,6,138.07,361.93,0,N,N,N,N,6.03,0.1662,27,0.0,0.020627
NB010004179,2500,NI,6,844.1,655.9,0,N,N,N,N,10.16,0.1916,98,0.0,0.012752
NB010004186,2400,SCO,10,38835.58,0,12,N,N,N,N,1432.06,0.1669,32,0.0,0.075193
NB010004193,2100,NE,6,172938.67,0.0,0,N,N,N,N,879.6,2.9167,232,44.6,0.018839
NB010004200,2400,NE,2,35361.94,2500,0,N,N,N,N,758.67,0.0762,55,0.0,0.001844
NB010004207,2100,SE,8,268012.63,0.0,0,N,N,N,N,3227.09,4.7184,98,61.7,0.032876
NB010004214,2100,MID,12,579337.57,0.0,0,N,N,N,N,3107.36,4.7091,220,64.4,0.100074
NB010004221,2120,WAL,11,191895.43,0.0,0,N,N,N,N,2116.23,6.2364,107,85.2,0.089036
NB010004228 ,2500,NE,9,320.46,1179.54,0,N,N,N,N,9.22,0.3398,41,0.0,0.064331
NB010004235,2700,NE,7,13963.06,0,0,N,N,N,N,433.59,0.1033,38,0.0,0.034438
NB010004242,2500,MID,3,264.17,2735.83,0,N,N,N,N,4.39,0.3077,71,0.0,0.003718
NB010004249,2500,SW,10,1362.06,137.94,0,N,N,N,N,17.86,0.1896,90,0.0,0.070382
NB010004256,2100,NI,5,272629.63,0.0,0,N,N,N,N,1973.64,5.0446,163,66.6,0.008938
NB010004263,2120,SCO,4,358799.83,0.0,N/A,N,N,N,N,3159.58,8.4977,134,72.3,0.006493
NB010004270,2400,LON,6,44454.17,2500,0,N,N,N,N,1279.41,0.1399,41,0.0,0.020131
NB010004277,2110,NE,6,231890.56,0.0,0,N,N,N,N,1354.61,4.946,202,86.0,0.015673
NB010004284,2400,LON,6,16893.57,2500,0,N,N,N,N,553.73,0.1837,36,0.0,0.023998
NB010004291,2100,SCO,3,283219.23,0.0,0,Y,N,N,N,2025.45,4.8825,165,64.8,0.003769
NB010004298,2400,SW,7,30986.54,0,0,N,N,N,N,1179.49,0.1996,31,0.0,0.029216
NB010004305,2500,NI,1,2228.75,9771.25,0,N,N,N,N,75.14,0.2711,35,0.0,0.000831
NB010004312 ,2130,MID,9,210557.67,0.0,0,N,N,N,N,3882.16,8.0255,64,66.3,0.045069
NB010004319,2100,NW,7,165394.0,0.0,0,N,N,N,N,1072.33,4.0493,182,79.2,0.037948
NB010004326,2110,MID,5,556301.68,0.0,0,N,N,N,N,6022.35,3.6788,109,71.8,0.008138
NB010004333,2120,NI,8,368145.18,0.0,0,N,N,N,N,2935.21,4.0631,148,81.5,0.04566
NB010004340 ,2500,SE,12,3307.53,1692.47,0,N,N,N,N,78.06,0.3456,50,0.0,0.086724
NB010004347,2400,NW,5,4666.78,0,0,N,N,N,N,211.8,0.1192,26,0.0,0.006191
NB010004354,2400,SW,4,34452.17,2500,0,N,N,N,N,635.21,0.2227,64,0.0,0.00438
NB010004361,2400,SW,6,18074.91,2500,0,N,N,N,N,507.82,0.0978,42,0.0,0.01684
NB010004368,2100,NE,5,286542.08,0.0,0,N,N,N,N,1315.64,4.3624,257,76.8,0.010109
NB010004375,2110,NW,5,323281.96,0.0,0,N,N,N,N,4058.22,3.7956,94,84.8,0.011212
NB010004382 ,2400,WAL,8,29851.01,2500,0,N,N,N,N,559.11,0.2191,63,0.0,0.041831
NB010004389,2100,SE,5,311881.47,0.0,0,N,N,N,N,1251.77,2.3923,294,52.4,0.009696
NB010004396,2110,NE,5,576604.56,0.0,0,N,N,N,N,3164.62,5.5797,215,91.7,0.007865
NB010004403,2700,WAL,11,22166.24,0,0,N,N,N,N,817.38,0.1206,32,0.0,0.086882
NB010004410,2101,WAL,5,247768.19,0.0,0,N,N,N,Y,0.0,6.058,223,60.3,0.008444
NB010004417,2110,WAL,7,294505.19,0.0,0,N,N,N,N,2612.9,5.6149,133,80.2,0.036486
NB010004424,2100,NI,8,456387.04,0.0,0,N,N,N,N,8548.2,4.8829,63,50.9,0.045729
NB010004431,2120,MID,8,238413.15,0.0,0,N,N,N,N,1888.1,4.9119,149,72.1,0.033589
NB010004438,2120,SW,9,46406.58,0.0,0,N,N,N,N,497.82,4.0225,110,69.6,0.05319
NB010004445,2110,NE,10,59298.75,0.0,0,N,N,N,N,647.89,5.7635,108,82.0,0.076647
NB010004452,2100,SCO,6,443084.82,0.0,0,N,N,N,N,4149.52,4.0223,126,49.1,0.016843
NB010004459 ,2130,SCO,5,496427.64,0.0,0,N,N,N,N,9928.55,6.727,59,84.9,0.00627
NB010004466,2101,MID,8,199966.86,0.0,0,N,N,N,N,1722.34,3.7362,137,80.2,0.048576
NB010004473,2110,MID,6,344406.61,0.0,0,N,N,N,N,1522.1,5.0251,267,78.2,0.025451
NB010004480,2100,LON,6,580052.94,0.0,0,N,N,N,N,6457.19,3.0099,106,71.2,0.021822
NB010004487,2130,SCO,10,501243.32,0.0,0,N,N,N,N,8827.87,4.848,67,83.2,0.048806
NB010004494,2400,NI,9,41476.78,2500,0,N,N,N,N,1287.96,0.0798,38,0.0,0.067692
NB010004501 ,2100,LON,1,536539.52,0.0,0,N,N,N,N,7816.25,5.2144,81,42.2,0.000579
NB010004508,2100,NW,11,546739.15,0.0,0,N,N,N,N,5376.27,2.5907,120,55.9,0.080647
NB010004515,2100,NI,6,197025.81,0.0,0,N,N,N,N,1117.74,3.7496,208,43.8,0.025088
NB010004522,2600,SE,12,1362.64,3637.36,0,N,N,N,N,29.78,0.3376,54,0.0,0.094139
NB010004529 ,2400,MID,6,7927.32,0,0,N,N,N,N,584.64,0.2079,16,0.0,0.025106
NB010004536,2100,MID,13,405932.27,0.0,0,N,Y,N,N,1923.7,2.7787,249,75.1,0.116973
NB010004543,2110,SW,2,415660.58,0.0,0,N,N,N,N,2636.99,6.3899,186,85.1,0.001876
NB010004550,2130,LON,7,576753.19,0.0,47,N,N,N,N,6874.43,6.6237,99,75.2,0.024271
NB010004557 ,2100,SE,15,401956.33,0.0,0,N,N,Y,N,1920.28,2.625,247,46.9,0.138068
NB010004564,2700,NI,6,7213.14,2500,0,N,N,N,N,146.75,0.0742,58,0.0,0.017725
NB010004571,2400,WAL,6,27423.06,0,0,N,N,N,N,1617.96,0.1366,20,0.0,0.019508
NB010004578,2110,SW,2,159974.39,0.0,0,N,N,N,N,2220.82,6.1504,85,75.2,0.00129
NB010004585 ,2100,SCO,9,558810.93,0.0,0,N,N,N,N,7326.63,5.4862,90,55.2,0.040411
NB010004592,2120,SW,11,453030.09,0.0,0,N,N,N,N,14447.99,7.7094,37,62.5,0.083162
NB010004599,2400,NE,6,28262.39,0,0,N,N,N,N,2565.36,0.0736,13,0.0,0.019412
NB010004606,2100,LON,5,130515.65,0.0,0,N,N,N,N,880.05,5.1054,175,84.2,0.008744
NB010004613,2400,MID,4,35014.78,0,0,N,N,N,N,724.87,0.0984,57,0.0,0.004722
NB010004620,2400,NI,6,35297.13,0,0,N,N,N,N,2776.71,0.0902,15,0.0,0.018225
NB010004627,2101,SW,6,134135.33,0.0,0,N,N,N,Y,0.0,3.3276,144,80.8,0.017509
NB010004634,2400,WAL,10,3399.15,0,0,N,N,N,N,58.99,0.0749,68,0.0,0.063304
NB010004641,2500,NW,11,2444.53,5555.47,0,N,N,N,N,41.21,0.331,70,0.0,0.063535
NB010004648,2500,NE,9,5604.55,6395.45,0,N,N,N,N,58.01,0.2576,114,0.0,0.055223
NB010004655,2110,SE,7,568842.06,0.0,0,N,N,N,N,2449.76,5.5223,274,73.5,0.036943
NB010004662,2400,WAL,9,11338.06,0,5,N,N,N,N,304.07,0.2258,44,0.0,0.043323
NB010004669,2400,SE,7,41524.47,0,0,Y,N,N,N,742.41,0.1781,66,0.0,0.019221
NB010004676,2110,SCO,8,167771.57,0.0,0,N,N,N,N,1214.54,4.1076,163,87.9,0.033907
NB010004683,2700,MID,5,1325.44,2500,0,N,N,N,N,52.13,0.0718,30,0.0,0.00616
NB010004690,2110,WAL,4,70966.03,0.0,0,N,N,N,N,298.01,4.8168,281,84.5,0.003577
NB010004697,2700,NE,4,16146.56,0,0,N,N,N,N,414.19,0.1218,46,0.0,0.004321
NB010004704,2100,NE,7,479903.75,0.0,0,N,N,N,N,4680.05,5.5576,121,52.8,0.029011
NB010004711,2110,SCO,6,526005.09,0.0,0,N,N,N,N,4666.81,3.1323,133,78.7,0.020239
NB010004718,2100,MID,11,598582.41,0.0,0,N,N,N,N,4306.87,4.0634,164,57.8,0.04951
NB010004725,2101,MID,10,249675.75,0.0,999,N,Y,N,Y,0.0,4.7757,48,42.4,0.066841
NB010004732 ,2100,NE,6,316942.77,0.0,75,N,N,N,N,1369.94,4.212,273,56.9,0.023263
NB010004739,2120,NW,8,377523.54,0.0,0,N,N,N,N,3651.46,4.867,122,72.8,0.051918
NB010004746,2110,NW,7,327780.28,0.0,0,N,Y,N,N,1470.65,3.2502,263,75.0,0.025932
NB010004753,2100,SE,9,535304.24,0.0,75,N,N,N,N,2280.36,5.4006,277,41.5,0.054052
NB010004760,2110,SCO,12,294936.73,0.0,0,Y,N,N,N,1831.71,6.6487,190,88.9,0.060645
NB010004767,2400,SCO,8,44167.29,0,0,N,N,N,N,777.87,0.1756,67,0.0,0.044957
NB010004774,2120,SCO,7,371652.61,0.0,62,N,N,N,N,3748.29,5.6606,117,84.5,0.0217
NB010004781,2400,MID,10,10462.94,0,190,N,N,Y,N,146.98,0.2232,84,0.0,0.082949
NB010004788,2110,SE,4,139660.7,0.0,0,N,N,N,N,1307.93,4.9724,126,79.8,0.00603
NB010004795,2500,LON,6,1656.42,1343.58,0,N,N,N,N,26.41,0.2587,74,0.0,0.014629
NB010004802,2500,WAL,11,6960.68,5039.32,0,N,N,N,N,90.26,0.2516,91,0.0,0.090743
NB010004809 ,2700,SW,9,44595.33,2500,0,N,N,N,N,1143.97,0.0617,46,0.0,0.047465
NB010004816,2400,WAL,10,23873.87,2500,0,N,N,N,N,1006.11,0.1775,28,0.0,0.059748
NB010004823,2400,WAL,3,44687.86,0,0,N,N,N,N,1033.95,0.1409,51,0.0,0.002572
NB010004830,2100,SCO,9,95402.64,0.0,0,N,N,N,N,475.0,2.2061,237,65.6,0.061923
NB010004837,2100,NI,3,167368.9,0.0,0,N,N,N,N,1400.68,5.5832,141,60.9,0.003545
NB010004844,2110,SE,7,473805.51,0.0,0,N,N,N,N,2018.38,6.0668,277,73.6,0.020413
NB010004851,2500,LON,7,11439.05,560.95,5,N,N,N,N,195.62,0.3241,69,0.0,0.037363
NB010004858,2500,NE,9,1566.59,10433.41,0,N,N,N,N,17.28,0.334,107,0.0,0.067649
NB010004865,2101,MID,5,461542.96,0.0,0,N,N,N,N,2992.42,5.2961,182,56.6,0.007011
NB010004872,2100,SE,3,276792.37,0.0,0,N,N,N,N,3402.24,4.2072,96,73.9,0.003047
NB010004879,2600,LON,7,992.99,1507.01,0,N,N,N,N,39.06,0.2196,30,0.0,0.039561
NB010004886,2400,LON,4,24684.06,0,0,N,N,N,N,939.59,0.2199,31,0.0,0.007016
NB010004893,2100,SW,7,283663.8,0.0,0,N,N,N,N,1355.15,5.0816,247,41.5,0.037928
NB010004900,2400,NI,8,5465.39,2500,0,N,N,N,N,165.36,0.0849,39,0.0,0.045908
NB010004907,2100,SE,6,478004.89,0.0,0,N,N,N,N,2066.1,4.9706,273,79.1,0.025124
NB010004914,2120,NE,7,562606.6,0.0,0,N,N,N,N,4310.88,4.2694,154,63.6,0.024361
NB010004921,2101,NE,3,211008.8,0.0,0,N,N,N,Y,0.0,6.0079,71,47.4,0.002435
NB010004928 ,2100,SCO,9,317282.31,0.0,0,N,N,N,N,1980.92,5.4217,189,59.8,0.034946
NB010004935,2110,WAL,9,446817.33,0.0,0,N,N,N,N,6759.54,4.4904,78,79.3,0.057011
NB010004942 ,2100,SCO,5,140784.01,0.0,0,N,N,N,N,615.28,2.2053,270,58.9,0.006177
NB010004949,2500,NE,6,2897.75,2102.25,0,N,N,N,N,201.14,0.348,17,0.0,0.015893
NB010004956,2500,SW,4,2948.99,2051.01,130,N,N,Y,N,30.79,0.2191,113,0.0,0.003653
NB010004963,2101,SE,7,71708.02,0.0,0,N,N,N,Y,0.0,4.0406,101,42.9,0.039785
NB010004970,2700,NI,8,5798.4,0,0,N,N,N,N,148.74,0.1093,46,0.0,0.026164
NB010004977,2400,SE,4,18234.71,0,0,N,N,N,N,331.03,0.069,65,0.0,0.007023
NB010004984,2110,MID,9,133074.53,0.0,0,N,N,N,N,526.94,4.4924,298,91.1,0.035206
NB010004991,2100,SE,6,51668.92,0.0,0,N,N,N,N,216.97,5.5529,281,47.3,0.01435
NB010004998,2400,WAL,7,10713.16,0,0,N,N,N,N,1053.46,0.1852,12,0.0,0.021979
NB010005005,2101,NE,9,282555.67,0.0,0,N,N,N,Y,0.0,5.0557,102,56.4,0.058633
NB010005012,2400,MID,11,23614.22,0,35,N,N,N,N,480.43,0.0992,58,0.0,0.072558
NB010005019,2120,NE,10,336863.93,0.0,0,N,N,N,N,3935.64,6.636,101,78.9,0.050589
NB010005026,2100,NI,7,494887.87,0.0,0,N,N,N,N,2139.08,3.8986,273,41.5,0.026307
NB010005033 ,2400,NI,8,26980.15,2500,0,N,N,N,N,707.48,0.1163,45,0.0,0.030703
NB010005040,2101,NE,6,488487.62,0.0,0,N,N,N,Y,0.0,2.4733,202,64.9,0.013654
NB010005047,2110,NE,9,345916.58,0.0,0,N,N,N,N,4041.4,4.2158,101,69.5,0.056276
NB010005054,2110,NI,5,139629.6,0.0,0,N,N,N,N,566.2,3.6336,291,88.9,0.008812
NB010005061,2100,SCO,5,541861.85,0.0,0,N,N,N,N,5658.38,3.4942,113,37.2,0.010011
NB010005068,2500,NW,7,2395.59,2604.41,12,N,N,N,N,28.84,0.2507,98,0.0,0.022253
NB010005075,2500,SE,9,1072.72,427.28,0,N,N,N,N,38.36,0.3016,33,0.0,0.052862
NB010005082,2100,SE,5,222630.18,0.0,0,N,N,N,N,3325.36,5.5532,79,51.8,0.005721
NB010005089,2700,NI,6,44252.27,0,0,N,N,N,N,1087.87,0.1264,48,0.0,0.024416
NB010005096,2130,SE,6,137608.71,0.0,999,N,N,N,N,1364.52,6.5564,119,74.3,0.017428
NB010005103,2100,NI,5,282836.17,0.0,,N,N,N,N,1545.12,2.6782,216,52.0,0.005907
NB010005110,2500,LON,6,6551.08,1448.92,0,N,N,N,N,168.05,0.2689,46,0.0,0.013787
NB010005117,2400,MID,9,26866.48,2500,0,N,N,N,N,452.89,0.1235,70,0.0,0.044889
NB010005124,2110,SW,6,299247.95,0.0,0,N,N,N,N,1401.24,4.3892,252,88.3,0.02168
NB010005131,2600,MID,8,1623.5,876.5,0,N,N,N,N,40.76,0.2523,47,0.0,0.045448
NB010005138,2110,NE,6,143267.92,0.0,0,N,Y,N,N,988.63,3.1289,171,76.1,0.023392
NB010005145,2400,NI,4,33611.75,0,190,N,N,N,N,650.19,0.1543,61,0.0,0.006218
NB010005152,2100,NI,5,172591.77,0.0,0,N,N,N,N,2368.12,2.3896,86,46.4,0.007739
NB010005159,2500,WAL,7,1884.28,3115.72,0,N,N,N,N,46.32,0.2908,48,0.0,0.021598
NB010005166,2101,SE,7,144626.06,0.0,0,N,N,N,Y,0.0,2.575,206,74.5,0.021988
NB010005173,2101,NI,9,244522.29,0.0,12,N,N,N,Y,0.0,3.3548,79,66.0,0.03806
NB010005180,2100,SE,6,571026.26,0.0,0,N,N,N,N,3622.64,2.4746,186,68.8,0.02186
NB010005187,2500,SW,7,1429.0,1571.0,0,N,N,N,N,18.33,0.2804,92,0.0,0.025169
NB010005194,2400,NW,7,28950.77,0,12,N,N,N,N,2277.46,0.2108,15,0.0,0.038326
NB010005201,2100,SW,9,134237.99,0.0,0,N,N,N,N,1320.01,4.6326,120,58.3,0.065155
NB010005208,2100,WAL,6,516058.42,0.0,0,N,N,N,N,2351.15,4.3547,259,46.1,0.018112
NB010005215,2110,SCO,6,313485.75,0.0,0,Y,N,N,N,2516.42,4.4011,147,77.9,0.024632
NB010005222,2500,SE,7,1178.25,3821.75,0,N,N,N,N,37.58,0.3421,37,0.0,0.019505
NB010005229,2120,MID,1,137666.28,0.0,0,N,N,N,N,3123.97,4.5014,52,74.3,0.00095
NB010005236,2400,WAL,10,44905.12,0,12,N,N,N,N,779.24,0.1199,68,0.0,0.040773
NB010005243 ,2500,NI,9,5036.82,2963.18,0,N,N,N,N,51.68,0.3158,115,0.0,0.049784
NB010005250,2500,LON,6,2221.2,2778.8,0,N,N,N,N,47.65,0.2424,55,0.0,0.012931
NB010005257,2500,SCO,7,2791.74,208.26,0,N,N,N,N,52.29,0.246,63,0.0,0.030757
NB010005264,2101,SCO,6,446750.55,0.0,0,N,N,N,N,3082.84,3.1779,171,72.2,0.025028
NB010005271,2400,WAL,10,37293.21,0,0,N,N,N,N,687.59,0.1512,64,0.0,0.064586
NB010005278,2100,SW,5,571724.1,0.0,0,N,N,N,N,4216.47,2.1198,160,82.6,0.007471
NB010005285 ,2100,NE,6,212430.1,0.0,0,N,N,N,N,1765.26,3.3479,142,65.5,0.020639
NB010005292,2100,WAL,15,229289.65,0.0,0,N,N,Y,N,942.72,2.7449,287,40.2,0.141846
NB010005299,2100,NW,5,377772.54,0.0,95,N,N,Y,N,1580.75,5.6571,282,84.6,0.005443
NB010005306,2600,WAL,7,1407.21,1092.79,0,Y,N,N,N,30.19,0.2781,55,0.0,0.021523
NB010005313,2100,MID,11,396973.29,0.0,0,N,N,N,N,6888.65,4.6102,68,76.1,0.051322
NB010005320,2120,MID,6,256572.19,0.0,0,N,N,N,N,2803.29,4.1747,108,69.1,0.017577
NB010005327,2600,SE,6,1643.98,3356.02,0,N,Y,N,N,37.31,0.3738,52,0.0,0.023312
NB010005334,2500,MID,7,1396.14,103.86,0,N,N,N,N,15.54,0.3047,106,0.0,0.035832
NB010005341 ,2400,SW,10,4040.11,2500,0,N,Y,N,N,79.46,0.1556,60,0.0,0.074985
NB010005348,2400,WAL,8,15044.21,0,0,N,N,N,N,355.04,0.1924,50,0.0,0.048023
NB010005355,2400,SE,4,19716.93,2500,95,N,N,Y,N,447.42,0.1255,52,0.0,0.00519
NB010005362,2500,SE,12,3872.19,1127.81,0,N,N,N,N,91.38,0.1892,50,0.0,0.089872
NB010005369,2100,NW,5,573672.62,0.0,0,N,N,N,N,2366.9,5.047,286,73.9,0.007739
NB010005376,2700,SCO,6,34410.36,0,0,Y,N,N,N,780.85,0.0851,52,0.0,0.013938
NB010005383,2110,SE,6,377873.65,0.0,0,N,N,N,N,4017.04,3.2638,111,87.2,0.023576
NB010005390,2101,NW,5,505567.81,0.0,0,N,N,N,Y,0.0,2.4021,183,81.0,0.010289
NB010005397,2400,LON,7,5314.46,0,0,N,N,N,N,184.44,0.0806,34,0.0,0.020655
NB010005404,2101,MID,3,176679.97,0.0,0,N,N,N,Y,0.0,4.3926,95,65.3,0.003463
NB010005411,2100,MID,8,396866.61,0.0,0,N,N,N,N,2138.37,5.0344,219,81.4,0.034659
NB010005418,2400,SE,9,12405.35,0,0,N,N,N,N,206.17,0.1915,71,0.0,0.053353
NB010005425,2110,LON,1,135615.57,0.0,0,N,N,N,N,2667.11,3.5802,60,77.7,0.000693
NB010005432,2101,LON,8,386689.99,0.0,0,N,N,N,N,2851.84,3.6327,160,69.7,0.046486
NB010005439 ,2130,SCO,6,354209.5,0.0,130,N,N,Y,N,5886.86,6.8981,71,66.9,0.019719
NB010005446,2600,MID,4,944.19,55.81,0,N,N,N,N,19.9,0.3045,56,0.0,0.005798
NB010005453,2400,SE,2,23637.79,0,0,N,N,N,N,353.07,0.1681,79,0.0,0.00144
NB010005460,2700,LON,5,42496.16,0,0,N,N,N,N,1671.52,0.0646,30,0.0,0.008098
NB010005467,2400,NE,10,8147.29,0,0,N,N,N,N,534.1,0.2188,18,0.0,0.042922
NB010005474 ,2120,NI,3,362976.81,0.0,0,N,N,N,N,11897.57,5.0497,36,72.9,0.002728
NB010005481,2100,NI,5,188559.07,0.0,0,N,N,N,N,789.01,5.2246,282,60.4,0.01033
NB010005488,2400,MID,7,7369.1,2500,0,N,N,N,N,124.22,0.1878,70,0.0,0.039315
NB010005495,2110,SCO,5,596760.87,0.0,,N,N,N,N,8587.53,6.0762,82,76.9,0.006536
NB010005502 ,2110,SCO,9,391032.67,0.0,0,N,N,N,N,2507.71,4.444,184,79.3,0.051122
NB010005509,2400,NI,15,36329.34,0,0,N,Y,Y,N,857.37,0.219,50,0.0,0.075229
NB010005516,2110,NW,7,382061.97,0.0,0,N,N,N,N,1747.42,4.4733,258,68.9,0.036642
NB010005523,2600,NI,7,121.26,2378.74,0,N,N,N,N,5.11,0.3025,28,0.0,0.022931
NB010005530,2100,SW,3,512236.16,0.0,0,N,N,N,N,7371.2,2.3767,82,84.8,0.003079
NB010005537 ,2100,NI,10,400888.65,0.0,0,N,N,N,N,5840.11,4.4795,81,61.5,0.080037
NB010005544,2101,SW,12,502391.77,0.0,999,N,N,N,N,8120.85,5.4395,73,72.0,0.064178
NB010005551 ,2130,WAL,6,608389.66,0.0,0,N,N,N,N,17947.49,4.6164,40,64.5,0.019369
NB010005558,2100,LON,7,379577.38,0.0,999,N,N,N,N,4524.26,5.1868,99,55.4,0.027034
NB010005565,2400,SW,7,41284.01,0,0,N,N,N,N,601.42,0.1577,81,0.0,0.022724
NB010005572,2500,SE,6,412.71,1087.29,0,N,N,N,N,16.23,0.2019,30,0.0,0.012809
NB010005579,2500,MID,2,1552.94,1447.06,0,N,N,N,N,26.18,0.3476,70,0.0,0.001045
NB010005586 ,2101,WAL,6,452991.86,0.0,0,N,N,N,N,3873.41,3.0008,138,74.6,0.021557
NB010005593,2600,WAL,3,2112.7,387.3,0,N,Y,N,N,191.77,0.2845,13,0.0,0.002246
NB010005600,2500,SE,2,703.07,796.93,0,N,N,N,N,23.05,0.2278,36,0.0,0.001131
NB010005607,2500,SE,6,4457.29,3542.71,0,N,N,N,N,150.27,0.2269,35,0.0,0.022405
NB010005614,2500,SW,8,3621.54,8378.46,0,N,N,N,N,194.25,0.2608,22,0.0,0.035233
NB010005621,2101,SCO,5,341903.98,0.0,0,N,N,N,Y,0.0,4.1154,103,70.7,0.006895
NB010005628,2400,WAL,7,9822.93,0,0,N,N,N,N,214.65,0.1185,54,0.0,0.019709
NB010005635,2110,MID,10,486663.54,0.0,0,N,N,N,N,3172.72,5.0919,181,69.1,0.053122
NB010005642,2100,NI,5,564398.74,0.0,0,N,N,N,N,2328.64,3.8882,286,72.2,0.007189
NB010005649 ,2120,NI,14,260465.11,0.0,0,N,N,N,N,2164.43,5.7885,142,73.1,0.130757
NB010005656,2100,LON,7,143215.49,0.0,0,N,N,N,N,1181.78,3.5991,143,49.5,0.035787
NB010005663,2400,NE,11,8045.97,0,0,N,N,N,N,123.3,0.1968,77,0.0,0.056193
NB010005670 ,2500,SW,6,7056.33,943.67,0,N,N,N,N,297.37,0.3014,28,0.0,0.014681
NB010005677,2100,SW,11,222034.56,0.0,N/A,N,N,N,N,1806.9,3.3412,145,76.1,0.087272
NB010005684,2500,NW,9,2401.33,5598.67,0,N,N,N,N,31.84,0.342,89,0.0,0.05446
NB010005691,2500,MID,7,4140.84,3859.16,0,N,N,N,N,113.63,0.2564,43,0.0,0.021133
NB010005698,2100,NE,11,265976.92,0.0,0,N,N,N,N,3692.39,4.5514,85,68.1,0.086543
NB010005705,2100,WAL,4,390061.29,0.0,0,Y,N,N,N,2542.94,4.0735,181,56.6,0.006773
NB010005712,2600,WAL,8,497.32,2002.68,22,N,N,N,N,20.96,0.1633,28,0.0,0.051646
NB010005719,2100,SCO,4,476492.48,0.0,0,N,N,N,N,1932.17,5.4652,291,64.3,0.004545
NB010005726,2110,SCO,5,580927.59,0.0,130,N,N,Y,N,3626.96,4.1871,189,87.8,0.006538
NB010005733,2100,MID,2,553944.38,0.0,35,N,N,N,N,7690.05,4.5626,85,53.5,0.001766
NB010005740 ,2100,SCO,9,547900.92,0.0,0,N,N,N,N,4861.08,5.46,133,62.9,0.058759
NB010005747,2700,WAL,7,21945.6,0,0,N,N,N,N,616.57,0.0759,42,0.0,0.028974
NB010005754,2100,MID,5,483080.87,0.0,0,N,N,N,N,2478.41,5.3945,230,76.1,0.007864
NB010005761,2500,WAL,6,5545.61,6454.39,47,N,N,N,N,78.84,0.2463,83,0.0,0.01692
NB010005768 ,2600,SE,5,1546.62,953.38,0,N,N,N,N,62.93,0.3226,29,0.0,0.006127
NB010005775,2100,NI,3,450842.56,0.0,0,N,N,N,N,2078.1,5.2414,256,75.6,0.003029
NB010005782,2500,NW,3,1441.88,58.12,0,Y,N,N,N,40.51,0.3009,42,0.0,0.002893
NB010005789,2600,SE,8,230.42,269.58,0,N,N,N,N,5.44,0.2348,50,0.0,0.047203
NB010005796,2120,MID,5,157560.08,0.0,0,N,N,N,N,3575.4,5.3064,52,70.6,0.007367
NB010005803 ,2110,NE,5,113209.86,0.0,47,N,N,N,N,563.66,5.5518,237,73.8,0.010105
NB010005810,2500,NW,15,1418.59,6581.41,0,N,N,Y,N,16.41,0.3265,102,0.0,0.138473
NB010005817,2100,WAL,7,67463.7,0.0,0,N,N,N,N,271.7,2.3711,293,73.8,0.031442
NB010005824 ,2500,NI,1,270.39,1229.61,0,N,N,N,N,3.8,0.1992,84,0.0,0.000819
NB010005831,2110,NW,6,155576.34,0.0,N/A,N,N,N,N,1932.42,5.701,95,81.2,0.018386
NB010005838,2500,MID,8,621.41,2378.59,62,N,N,N,N,48.88,0.1892,15,0.0,0.035904
NB010005845,2110,SCO,9,517710.64,0.0,0,N,N,N,N,7021.82,6.4819,87,68.6,0.044445
NB010005852,2600,LON,4,751.6,248.4,0,N,N,N,N,34.11,0.1795,26,0.0,0.004234
NB010005859 ,2110,LON,4,556355.73,0.0,0,N,N,N,N,5611.11,6.7405,117,75.2,0.005058
NB010005866,2600,MID,9,1513.25,986.75,0,N,N,N,N,68.68,0.2015,26,0.0,0.04015
NB010005873,2500,WAL,2,11711.86,288.14,0,N,N,N,N,691.0,0.3226,20,0.0,0.001575
NB010005880,2110,WAL,6,510770.6,0.0,999,N,N,N,N,9880.48,5.4366,61,77.8,0.024196
NB010005887,2100,NW,6,356758.2,0.0,0,N,N,N,N,2551.36,3.1711,165,66.7,0.014471
NB010005894,2100,WAL,8,582620.83,0.0,0,N,N,N,N,3055.52,4.642,225,61.4,0.03654
NB010005901,2101,SCO,9,200171.05,0.0,0,N,N,N,Y,0.0,5.5991,165,68.2,0.05297
NB010005908,2700,SE,6,4557.08,2500,0,N,N,N,N,59.09,0.095,91,0.0,0.024187
NB010005915,2100,LON,8,162945.36,0.0,0,N,N,N,N,647.39,2.1486,297,55.4,0.029664
NB010005922,2600,WAL,9,2141.6,358.4,0,N,N,N,N,51.57,0.3271,49,0.0,0.063248
NB010005929,2101,LON,9,481192.05,0.0,0,N,N,N,N,5069.7,3.7585,112,68.3,0.061338
NB010005936,2500,MID,5,4988.38,3011.62,0,N,N,N,N,96.5,0.3473,61,0.0,0.006473
NB010005943 ,2500,SE,2,2618.13,381.87,0,N,N,N,N,96.54,0.3478,32,0.0,0.001345
NB010005950,2101,WAL,1,606069.85,0.0,0,N,N,N,N,7011.4,3.7256,102,66.7,0.000728
NB010005957,2600,NI,6,33.58,466.42,0,N,N,N,N,0.71,0.3113,56,0.0,0.016672
NB010005964,2400,NE,7,40242.63,0,0,N,N,N,N,949.73,0.0721,50,0.0,0.034074
NB010005971,2100,WAL,4,204171.36,0.0,0,N,N,N,N,2458.39,4.519,98,63.6,0.004594
NB010005978,2500,WAL,8,2964.05,5035.95,0,N,N,N,N,77.72,0.196,45,0.0,0.035504
NB010005985,2130,NE,4,311866.47,0.0,0,N,N,N,N,4842.14,5.1222,76,55.8,0.004942
NB010005992,2500,SW,8,699.44,4300.56,999,N,Y,N,N,28.46,0.2854,29,0.0,0.034966
NB010005999,2400,NW,8,1660.3,0,0,N,N,N,N,30.14,0.1058,65,0.0,0.043901
NB010006006,2100,LON,10,415767.9,0.0,0,N,N,N,N,2835.87,5.1223,173,71.0,0.069573
NB010006013,2100,NE,5,406242.8,0.0,0,N,N,N,N,3424.05,3.751,140,77.8,0.006487
NB010006020,2500,NW,9,673.89,826.11,0,N,N,N,N,7.16,0.1984,111,0.0,0.059108
NB010006027,2500,LON,3,7678.3,4321.7,0,N,N,N,N,97.42,0.2453,93,0.0,0.003006
NB010006034,2400,LON,6,17759.98,0,0,N,N,N,N,295.17,0.1108,71,0.0,0.020789
NB010006041,2100,SW,3,131814.76,0.0,0,N,N,N,N,801.76,2.4715,194,66.1,0.00307
NB010006048 ,2110,SE,4,85320.92,0.0,0,N,N,N,N,495.95,5.8924,203,74.9,0.005414
NB010006055,2100,SW,7,257236.97,0.0,0,N,N,N,N,2810.55,5.1868,108,83.8,0.031677
NB010006062,2700,LON,9,3327.86,0,,N,N,N,N,74.09,0.1231,53,0.0,0.049105
NB010006069,2400,NI,9,25784.05,2500,0,N,N,N,N,1448.82,0.1132,21,0.0,0.041105
NB010006076,2100,NW,7,249670.32,0.0,0,N,N,N,N,1243.08,5.718,237,59.1,0.032959
NB010006083,2400,NE,4,41092.31,0,0,N,N,N,N,1276.02,0.1508,38,0.0,0.005687
NB010006090,2130,NW,7,161325.98,0.0,0,N,N,N,N,2213.54,7.8055,86,74.7,0.029058
NB010006097,2500,NI,9,2834.92,165.08,0,N,N,N,N,38.9,0.255,86,0.0,0.036243
NB010006104 ,2101,NE,6,251185.01,0.0,0,N,N,N,Y,0.0,2.6567,182,58.6,0.022326
NB010006111 ,2101,LON,12,254820.54,0.0,0,N,N,N,Y,0.0,5.4558,233,43.2,0.083204
NB010006118,2100,NW,14,95203.18,0.0,0,N,N,N,N,464.21,2.4351,242,45.7,0.130681
NB010006125,2101,NE,12,570069.29,0.0,0,N,N,N,N,3099.92,5.8835,217,57.0,0.093446
NB010006132 ,2100,SE,5,46873.59,0.0,0,N,N,N,N,906.74,4.5668,61,42.7,0.010148
NB010006139,2400,NW,3,17895.59,2500,0,N,N,N,N,879.87,0.0978,24,0.0,0.003552
NB010006146,2600,NE,2,894.86,105.14,0,N,N,N,N,52.8,0.2043,20,0.0,0.001067
NB010006153,2100,NE,2,509518.15,0.0,0,N,N,N,N,2102.21,4.9308,286,66.4,0.001966
NB010006160 ,2500,WAL,8,1804.77,10195.23,0,N,N,N,N,46.3,0.3323,46,0.0,0.034635
NB010006167 ,2100,MID,6,170738.02,0.0,0,N,N,N,N,835.98,4.4464,241,68.3,0.016958
NB010006174 ,2500,LON,5,1442.44,57.56,,N,N,N,N,14.67,0.3364,116,0.0,0.007866
NB010006181,2400,SW,6,10327.6,0,0,N,N,N,N,179.21,0.2267,68,0.0,0.012286
NB010006188,2500,NW,2,3561.52,4438.48,0,N,N,N,N,247.21,0.3189,17,0.0,0.001506
NB010006195,2110,WAL,8,213359.99,0.0,0,N,N,N,N,1284.51,6.6882,196,77.5,0.029251
NB010006202,2101,NI,7,558958.68,0.0,0,N,N,N,Y,0.0,5.5785,238,74.6,0.033009
NB010006209,2500,SE,7,552.27,947.73,0,N,N,N,N,11.43,0.2993,57,0.0,0.028455
NB010006216,2101,NW,7,235682.78,0.0,0,N,N,N,N,4713.66,3.7982,59,59.0,0.021224
NB010006223 ,2400,MID,15,43569.42,0,0,N,N,Y,N,901.96,0.0749,57,0.0,0.132843
NB010006230,2400,SCO,8,25787.29,0,0,N,N,N,N,608.58,0.1869,50,0.0,0.045892
NB010006237,2100,MID,4,49192.46,0.0,0,N,N,N,N,372.1,2.1363,156,67.4,0.005274
NB010006244,2500,WAL,9,6988.78,1011.22,0,N,N,N,N,98.18,0.2966,84,0.0,0.054312
NB010006251,2400,SE,3,26585.08,0,0,N,N,N,N,490.16,0.1278,64,0.0,0.002589
NB010006258,2130,MID,8,351274.95,0.0,0,N,N,N,N,15352.02,8.9039,27,75.3,0.039381
NB010006265,2400,SE,3,18831.42,0,0,N,N,N,N,312.97,0.1823,71,0.0,0.003036
NB010006272,2400,SE,4,43046.71,2500,0,N,N,N,N,1881.3,0.1543,27,0.0,0.005546
NB010006279,2700,NE,1,13604.96,0,0,N,N,N,N,167.23,0.1053,96,0.0,0.000691
NB010006286,2100,NE,6,512547.16,0.0,0,N,N,N,N,5929.47,2.255,102,76.4,0.022129
NB010006293 ,2100,NI,15,565346.61,0.0,0,N,N,Y,N,2605.89,5.4358,256,77.7,0.14314
NB010006300,2400,LON,9,2508.16,0,0,N,N,N,N,87.05,0.0735,34,0.0,0.059117
NB010006307,2100,LON,5,373954.77,0.0,0,N,Y,N,N,1772.16,4.2254,249,42.3,0.009171
NB010006314,2100,SE,8,533993.04,0.0,0,N,N,N,N,3706.54,5.6596,170,70.5,0.046997
NB010006321,2100,NW,9,241084.18,0.0,0,N,N,N,N,1061.49,5.2625,268,37.8,0.066287
NB010006328,2600,LON,7,80.52,919.48,0,N,N,N,N,3.52,0.3804,27,0.0,0.036212
NB010006335,2100,SCO,4,535685.06,0.0,0,N,N,N,N,4938.35,4.4228,128,43.2,0.00581
NB010006342,2101,SW,6,439156.45,0.0,999,N,N,N,Y,0.0,2.5358,109,63.8,0.014862
NB010006349,2500,NI,3,9110.77,2889.23,0,N,N,N,N,191.98,0.1931,56,0.0,0.003237
NB010006356,2600,SE,6,864.14,135.86,0,N,N,N,N,37.77,0.2596,27,0.0,0.015786
NB010006363,2700,LON,9,25871.95,0,0,N,N,N,N,744.61,0.1229,41,0.0,0.064722
NB010006370,2100,NW,8,577232.42,0.0,0,N,N,N,N,2724.54,5.1649,250,87.1,0.039199
NB010006377,2600,SCO,4,117.59,382.41,0,N,N,N,N,2.78,0.2534,50,0.0,0.004805
NB010006384,2120,NE,5,119339.56,0.0,0,N,N,N,N,3200.47,7.2582,44,66.8,0.008158
NB010006391,2100,SCO,5,74269.27,0.0,0,N,N,N,N,762.07,3.5485,115,39.4,0.005821
NB010006398,2500,WAL,6,4239.94,760.06,0,N,N,N,N,42.04,0.2364,119,0.0,0.017909
NB010006405,2400,NE,9,5904.6,0,0,N,N,N,N,102.46,0.1801,68,0.0,0.060062
NB010006412,2400,MID,4,4294.82,0,0,N,N,N,N,126.7,0.0728,40,0.0,0.003995
NB010006419,2130,NE,6,187960.87,0.0,0,N,N,N,N,2640.4,5.9084,84,82.2,0.016238
NB010006426,2110,MID,9,447955.78,0.0,0,N,N,N,N,2782.04,3.5049,190,78.0,0.044796
NB010006433,2110,LON,7,443818.25,0.0,0,N,N,N,N,3937.64,6.7169,133,81.7,0.038733
NB010006440,2400,SW,11,28438.39,0,0,Y,N,N,N,500.86,0.2041,67,0.0,0.090148
NB010006447 ,2500,NW,8,3522.59,4477.41,0,N,N,N,N,125.96,0.3277,33,0.0,0.039325
NB010006454,2100,LON,7,207397.87,0.0,N/A,N,N,N,N,3652.68,3.3307,67,53.3,0.020971
NB010006461,2100,NI,7,86240.31,0.0,0,N,N,N,N,862.4,3.0955,118,43.2,0.025625
NB010006468,2110,NW,9,425286.0,0.0,0,N,N,N,N,2302.01,5.6636,218,79.9,0.048756
NB010006475 ,2400,WAL,5,21327.36,0,0,N,Y,N,N,375.62,0.2,67,0.0,0.006966
NB010006482,2400,MID,8,39574.61,0,0,N,N,N,N,1729.56,0.163,27,0.0,0.036913
NB010006489,2400,NE,4,30211.72,2500,0,N,N,N,N,2546.42,0.1228,14,0.0,0.004534
NB010006496,2700,SW,4,23264.29,0,0,N,N,N,N,403.7,0.1067,68,0.0,0.005009
NB010006503,2100,SE,6,70042.74,0.0,0,N,N,N,N,1087.51,4.6031,76,50.1,0.024765
NB010006510,2600,SW,3,1584.79,915.21,0,N,N,N,N,34.0,0.2898,55,0.0,0.003403
NB010006517,2500,LON,5,2034.74,2965.26,0,N,N,N,N,29.28,0.3131,82,0.0,0.009358
NB010006524,2500,NI,7,3161.81,1838.19,0,N,N,N,N,65.46,0.2541,57,0.0,0.021437
NB010006531,2100,SE,9,587248.21,0.0,0,N,N,N,N,6025.68,3.168,115,74.0,0.052306
NB010006538,2500,NE,9,7740.91,259.09,0,N,N,N,N,276.8,0.317,33,0.0,0.051576
NB010006545,2400,SE,4,31498.72,0,0,N,N,N,N,758.54,0.093,49,0.0,0.00421
NB010006552,2500,NI,10,3861.5,8138.5,0,N,N,N,N,105.97,0.1918,43,0.0,0.04464
NB010006559,2400,SE,4,9776.16,0,0,N,N,N,N,607.15,0.1176,19,0.0,0.003582
NB010006566,2100,NE,3,550550.18,0.0,0,N,N,N,N,2415.05,5.4991,269,61.3,0.003488
NB010006573,2500,NW,7,748.27,751.73,0,N,N,N,N,10.9,0.2558,81,0.0,0.027181
NB010006580,2100,NE,8,198782.8,0.0,0,N,N,N,N,3350.91,3.7508,70,43.5,0.030513
NB010006587,2110,LON,4,153581.22,0.0,0,N,N,N,N,635.88,4.3133,285,77.7,0.004858
NB010006594,2110,MID,3,461979.51,0.0,0,N,N,N,N,2189.3,4.4356,249,84.2,0.002665
NB010006601,2100,NW,7,142875.92,0.0,0,N,N,N,N,799.02,5.481,211,75.5,0.034182
NB010006608,2110,NI,12,363255.07,0.0,22,N,N,N,N,1617.51,4.7808,265,85.1,0.055456
NB010006615,2100,SE,3,584500.33,0.0,0,N,N,N,N,3986.77,2.9771,173,50.4,0.002372
NB010006622,2120,LON,3,547488.62,0.0,0,N,N,N,N,5521.68,5.7197,117,80.3,0.002797
NB010006629,2100,SE,4,316579.09,0.0,0,N,N,N,N,4197.34,3.6603,89,66.8,0.006512
NB010006636,2500,SCO,7,2363.17,636.83,0,N,N,N,N,214.5,0.2056,13,0.0,0.026505
NB010006643,2500,NE,8,215.88,1284.12,5,N,N,N,N,4.04,0.2466,63,0.0,0.038887
NB010006650,2110,SCO,4,395223.15,0.0,0,N,N,N,N,6302.21,4.308,74,76.7,0.004249
NB010006657,2120,NI,6,580830.17,0.0,0,N,N,N,N,3916.45,7.9777,175,79.8,0.017616
NB010006664,2110,LON,7,205272.96,0.0,0,N,N,N,N,3510.47,5.8503,69,74.3,0.025042
NB010006671,2400,SW,6,16783.0,0,0,N,N,N,N,707.28,0.1703,28,0.0,0.018367
NB010006678,2500,NW,12,1739.32,3260.68,0,N,N,N,N,19.73,0.2068,104,0.0,0.089984
NB010006685,2100,SCO,3,83892.76,0.0,0,Y,N,N,N,432.29,4.6551,229,84.4,0.002524
NB010006692,2400,NW,6,14515.37,0,0,N,N,N,N,778.55,0.1913,22,0.0,0.018361
NB010006699,2100,WAL,4,119675.0,0.0,0,N,N,N,N,1344.92,2.9048,105,51.6,0.005234
NB010006706,2400,NI,6,21939.37,0,0,N,N,N,N,364.63,0.203,71,0.0,0.025469
NB010006713 ,2400,SCO,10,23084.17,0,0,N,N,N,N,680.98,0.1565,40,0.0,0.047915
NB010006720,2600,SCO,3,607.6,392.4,0,N,N,N,N,42.17,0.3348,17,0.0,0.003287
NB010006727,2100,NW,9,222652.56,0.0,0,N,N,N,N,4307.05,4.3689,61,43.2,0.049811
NB010006734,2101,SCO,8,559631.6,0.0,0,N,N,N,N,4233.11,2.8913,156,70.1,0.029661
NB010006741,2400,NI,9,10467.31,0,0,N,N,N,N,205.86,0.1867,60,0.0,0.062003
NB010006748,2100,LON,2,297878.1,0.0,0,N,N,N,N,1723.02,2.2066,204,55.3,0.001835
NB010006755,2500,MID,5,667.08,832.92,0,N,N,N,N,7.95,0.2978,99,0.0,0.010716
NB010006762,2600,NE,8,3392.17,1607.83,0,N,N,N,N,210.67,0.3304,19,0.0,0.049416
NB010006769,2101,NI,5,150095.72,0.0,0,N,N,N,Y,0.0,5.5778,158,47.4,0.010923
NB010006776,2100,NW,6,96395.92,0.0,95,N,N,Y,N,458.66,2.6104,248,73.5,0.019828
NB010006783 ,2110,WAL,11,232583.67,0.0,0,N,N,N,N,2664.55,3.8806,103,80.1,0.067234
NB010006790,2500,NI,8,414.75,1085.25,0,N,N,N,N,5.1,0.232,96,0.0,0.051668
NB010006797,2110,NI,7,210689.04,0.0,130,N,N,N,N,2345.41,6.1372,106,73.3,0.039028
NB010006804,2600,NE,2,835.48,164.52,0,N,N,N,N,22.93,0.3562,43,0.0,0.001862
NB010006811,2400,MID,7,32564.15,0,0,N,N,N,N,582.21,0.172,66,0.0,0.031388
NB010006818,2100,SW,5,125270.07,0.0,0,N,N,N,N,1103.12,5.1379,134,59.2,0.007147
NB010006825,2400,LON,6,32001.1,0,5,N,N,N,N,1144.28,0.1832,33,0.0,0.016015
NB010006832,2100,NW,4,106095.72,0.0,0,N,N,N,N,1738.79,3.6082,72,65.0,0.005318
NB010006839,2110,SW,4,87750.96,0.0,0,N,N,N,N,699.64,3.8481,148,74.1,0.004656
NB010006846,2100,MID,5,146747.4,0.0,0,N,N,N,N,962.01,3.8852,180,41.9,0.009235
NB010006853,2400,SW,10,40589.86,0,0,N,N,N,N,577.06,0.1853,83,0.0,0.080452
NB010006860,2700,MID,5,16867.06,0,0,N,N,N,N,284.33,0.1328,70,0.0,0.010777
NB010006867,2110,NE,7,590538.35,0.0,0,N,N,N,N,4223.24,6.3932,165,72.2,0.029693
NB010006874,2400,MID,10,6745.76,0,0,N,N,N,N,234.12,0.1584,34,0.0,0.060551
NB010006881,2400,NW,10,34993.56,0,0,N,N,N,N,598.44,0.099,69,0.0,0.078445
NB010006888 ,2100,SCO,9,605569.72,0.0,0,N,N,N,N,2627.1,5.7348,272,42.5,0.048213
NB010006895,2130,LON,8,549920.27,0.0,0,N,N,N,N,7545.42,6.4625,86,69.0,0.026413
NB010006902,2101,NW,12,239731.31,0.0,5,N,N,N,Y,0.0,2.9103,70,62.6,0.104969
NB010006909,2500,MID,3,2782.84,217.16,0,N,N,N,N,46.25,0.346,71,0.0,0.00306
NB010006916,2110,NE,9,304228.35,0.0,190,N,N,Y,N,1291.33,3.8446,278,72.2,0.056829
NB010006923,2101,SCO,8,376295.6,0.0,0,N,N,N,Y,0.0,5.2737,86,63.5,0.029388
NB010006930,2100,MID,9,67358.19,0.0,0,N,N,N,N,369.69,2.6444,215,43.4,0.046861
NB010006937,2100,WAL,9,429808.27,0.0,0,N,N,N,N,2337.21,5.4803,217,41.7,0.042504
NB010006944,2400,SCO,5,34218.49,2500,0,N,N,N,N,791.72,0.2251,51,0.0,0.010951
NB010006951,2500,WAL,5,2543.12,5456.88,35,Y,N,N,N,214.35,0.308,14,0.0,0.006336
NB010006958,2500,SCO,8,1208.64,3791.36,130,N,N,Y,N,14.55,0.2106,98,0.0,0.031906
NB010006965,2100,NW,8,177142.92,0.0,62,N,N,N,N,836.11,2.9625,250,83.3,0.028641
NB010006972,2500,NE,5,6002.46,5997.54,0,N,N,N,N,68.77,0.2289,103,0.0,0.009058
NB010006979,2100,MID,7,485835.65,0.0,0,N,N,N,N,1976.85,5.7537,290,61.1,0.028827
NB010006986,2100,NW,8,395533.3,0.0,0,N,N,N,N,2592.94,3.4136,180,50.5,0.034792
NB010006993,2110,LON,7,207641.81,0.0,0,N,N,N,N,964.64,6.5785,254,78.1,0.039415
NB010007000,2500,NW,9,633.66,7366.34,0,N,N,N,N,43.98,0.3108,17,0.0,0.04631
NB010007007,2400,SCO,9,12139.17,0,0,N,N,N,N,201.75,0.1899,71,0.0,0.053815
NB010007014,2100,SW,8,183084.7,0.0,0,N,N,N,N,1293.65,3.9873,167,64.1,0.031023
NB010007021,2100,SCO,5,528280.16,0.0,0,N,N,N,N,6233.71,4.6121,100,45.2,0.007392
NB010007028,2110,SW,6,96273.52,0.0,0,N,Y,N,N,450.8,6.3685,252,73.0,0.013244
NB010007035,2100,SE,3,561492.2,0.0,0,N,N,N,N,5057.72,5.7516,131,49.3,0.004088
NB010007042,2700,NE,7,41205.64,0,0,N,N,N,N,1012.97,0.0964,48,0.0,0.036196
NB010007049,2600,NE,8,524.73,4475.27,0,N,N,N,N,10.32,0.2644,60,0.0,0.040245
NB010007056,2100,LON,7,134547.06,0.0,0,N,N,N,N,974.02,4.6096,163,85.5,0.02585
NB010007063,2700,NW,8,10009.37,0,0,N,N,N,N,181.71,0.0627,65,0.0,0.032754
NB010007070,2120,NE,12,472633.7,0.0,0,N,N,N,N,6196.75,8.3341,90,76.3,0.106835
NB010007077,2101,SE,4,513880.06,0.0,0,N,N,N,Y,0.0,2.8824,134,53.7,0.006867
NB010007084 ,2500,NI,3,2045.8,2954.2,0,N,N,N,N,96.56,0.3358,25,0.0,0.003354
NB010007091,2500,SCO,15,3696.61,1303.39,0,N,N,Y,N,47.93,0.2129,91,0.0,0.132736
NB010007098 ,2100,WAL,10,587752.75,0.0,0,N,N,N,N,7005.54,3.9175,99,59.4,0.072872
NB010007105,2500,SE,8,243.86,1256.14,0,N,N,N,N,6.12,0.3204,47,0.0,0.034946
NB010007112,2110,LON,8,188038.09,0.0,0,N,N,N,N,1584.89,5.1588,140,73.8,0.044859
NB010007119,2100,MID,8,146060.48,0.0,0,N,N,N,N,596.37,2.6302,289,77.7,0.035852
NB010007126,2110,SCO,14,602911.03,0.0,0,N,N,N,N,2634.94,6.0216,270,90.9,0.124015
NB010007133,2101,LON,3,64005.32,0.0,0,N,N,N,Y,0.0,5.8498,238,64.1,0.002718
NB010007140,2700,SCO,10,25682.95,0,0,N,N,N,N,319.01,0.094,95,0.0,0.052156
NB010007147,2600,NW,4,1920.74,579.26,0,N,N,N,N,47.22,0.3415,48,0.0,0.005528
NB010007154,2500,WAL,10,7206.29,793.71,0,N,N,N,N,146.61,0.2107,58,0.0,0.04149
NB010007161,2120,SE,7,404114.5,0.0,0,N,N,N,N,5960.69,4.2443,80,66.2,0.019255
NB010007168,2500,NW,7,1672.98,3327.02,0,N,N,N,N,26.68,0.3018,74,0.0,0.036441
NB010007175,2700,MID,12,29139.7,0,N/A,N,N,N,N,365.8,0.13,94,0.0,0.074083
NB010007182,2500,SW,11,1968.07,6031.93,0,N,N,N,N,20.02,0.313,116,0.0,0.096029
NB010007189,2100,SE,7,291916.0,0.0,0,N,N,N,N,3312.12,4.6366,104,86.0,0.030551
NB010007196,2500,SW,8,4806.33,193.67,0,N,N,N,N,189.05,0.3131,30,0.0,0.053246
NB010007203,2100,NE,9,619085.12,0.0,0,N,N,N,N,2590.5,5.6727,282,66.5,0.033452
NB010007210,2600,MID,7,4784.92,215.08,0,N,N,N,N,106.53,0.3465,53,0.0,0.019265
NB010007217,2100,LON,5,272497.3,0.0,0,N,N,N,N,1270.94,2.9424,253,79.2,0.01002
NB010007224,2101,SCO,6,321272.58,0.0,0,N,N,N,N,2707.87,3.0463,140,69.5,0.015332
NB010007231 ,2100,SE,9,320425.67,0.0,0,N,N,N,N,2333.96,3.128,162,73.8,0.040611
NB010007238,2400,SE,8,44862.92,2500,0,N,N,N,N,897.26,0.2285,59,0.0,0.036336
NB010007245,2500,NW,4,5642.88,2357.12,0,N,N,N,N,68.65,0.342,97,0.0,0.005335
NB010007252,2400,SCO,9,30219.88,0,0,N,N,N,N,1782.97,0.1912,20,0.0,0.066684
NB010007259,2100,NI,9,266825.66,0.0,0,N,N,N,N,1097.05,3.5953,287,68.8,0.04553
NB010007266 ,2500,NI,11,1740.8,6259.2,0,N,N,N,N,33.13,0.2096,62,0.0,0.071053
NB010007273 ,2100,SW,7,101803.14,0.0,0,N,N,N,N,1334.75,5.1243,90,36.2,0.031604
NB010007280,2600,SCO,10,789.26,4210.74,0,N,N,N,N,16.06,0.3377,58,0.0,0.049897
NB010007287,2110,NI,5,136222.07,0.0,0,N,N,N,N,1148.16,4.1571,140,78.0,0.006703
NB010007294,2101,LON,9,126392.57,0.0,75,N,N,N,Y,0.0,3.5031,214,41.9,0.040913
NB010007301,2700,NW,9,31407.22,2500,0,N,Y,N,N,1090.02,0.0928,34,0.0,0.058996
NB010007308,2400,MID,11,18798.63,2500,0,N,N,N,N,616.18,0.2143,36,0.0,0.083134
NB010007315,2400,NW,5,18962.92,0,0,N,Y,N,N,349.63,0.2005,64,0.0,0.010157
NB010007322,2700,NI,6,2344.94,0,0,N,N,N,N,34.16,0.1015,81,0.0,0.014863
NB010007329,2600,NW,13,2102.1,397.9,0,N,N,N,N,55.12,0.1605,45,0.0,0.07428
NB010007336,2100,SW,9,400601.7,0.0,0,N,N,N,N,2501.11,3.529,189,62.3,0.051928
NB010007343,2100,SCO,7,288761.28,0.0,0,N,N,N,N,1315.59,5.1859,259,50.3,0.039509
NB010007350 ,2100,MID,12,607396.23,0.0,47,N,N,N,N,4842.75,2.4606,148,84.8,0.085576
NB010007357,2600,LON,9,275.4,224.6,0,N,N,N,N,9.28,0.22,35,0.0,0.047334
NB010007364,2500,NI,11,5517.18,2482.82,0,N,N,N,N,66.43,0.2555,98,0.0,0.057232
NB010007371,2400,NI,3,33259.53,2500,0,N,N,N,N,835.03,0.1983,47,0.0,0.00232
NB010007378,2400,LON,7,4555.15,0,0,N,N,N,N,233.7,0.1339,23,0.0,0.029522
NB010007385,2400,NI,6,4174.83,0,0,N,N,N,N,62.36,0.1857,79,0.0,0.021794
NB010007392,2120,NI,4,323270.26,0.0,0,N,N,N,N,3598.67,7.6067,106,69.5,0.005089
NB010007399,2100,NW,7,532455.79,0.0,0,N,N,N,N,6544.77,4.6701,96,58.7,0.037615
NB010007406,2700,SW,7,30526.7,0,0,N,N,N,N,923.63,0.0729,39,0.0,0.022536
NB010007413,2400,SCO,5,15182.5,0,0,N,N,N,N,853.11,0.2149,21,0.0,0.006445
NB010007420,2600,SW,8,650.19,349.81,0,N,N,N,N,29.51,0.2774,26,0.0,0.038762
NB010007427 ,2500,WAL,10,1958.73,1041.27,0,N,N,N,N,22.88,0.3107,101,0.0,0.066199
NB010007434,2400,SE,8,27324.27,2500,0,N,N,N,N,429.9,0.1923,75,0.0,0.05108
NB010007441,2500,SE,9,1444.13,55.87,0,N,N,N,N,15.35,0.1937,111,0.0,0.039446
NB010007448,2500,SW,6,3291.03,1708.97,0,N,N,N,N,242.71,0.316,16,0.0,0.018351
NB010007455,2130,NW,5,182869.69,0.0,0,N,N,N,N,4315.72,8.315,50,74.2,0.008472
NB010007462,2100,LON,11,298683.69,0.0,0,N,N,N,N,2216.65,2.7771,159,58.5,0.092783
NB010007469,2600,NW,6,3281.42,1718.58,95,N,N,Y,N,69.14,0.1732,56,0.0,0.017079
NB010007476,2500,SCO,5,2724.8,275.2,0,N,N,N,N,33.15,0.224,97,0.0,0.00546
NB010007483,2400,NE,9,2485.73,0,0,N,N,N,N,45.83,0.1791,64,0.0,0.053568
NB010007490 ,2600,NI,2,100.63,399.37,0,N,N,N,N,2.12,0.229,56,0.0,0.001949
NB010007497,2500,SW,4,1109.46,1890.54,0,N,N,N,N,27.85,0.2697,47,0.0,0.004337
NB010007504,2100,SW,4,354369.66,0.0,0,N,N,N,N,1412.69,2.2898,296,69.0,0.00669
NB010007511,2700,NW,4,16278.87,0,95,Y,N,Y,N,355.72,0.1448,54,0.0,0.006252
NB010007518,2110,NI,6,350405.75,0.0,0,N,N,N,N,2911.82,4.3394,142,71.1,0.017849
NB010007525,2400,MID,3,32577.33,0,0,N,N,N,N,3203.44,0.119,12,0.0,0.003922
NB010007532,2100,MID,8,481155.86,0.0,0,N,N,N,N,2468.54,2.5209,230,48.6,0.038848
NB010007539,2400,WAL,6,29229.6,0,0,N,N,N,N,1567.77,0.0822,22,0.0,0.014756
NB010007546,2100,LON,9,98290.87,0.0,0,N,N,N,N,626.94,4.5606,185,65.2,0.052708
NB010007553,2700,NI,5,28776.09,0,0,N,N,N,N,595.72,0.0875,57,0.0,0.006219
NB010007560,2100,LON,10,156798.59,0.0,75,N,N,N,N,719.93,4.5299,257,56.2,0.05299
NB010007567,2400,SE,8,32847.94,0,0,N,N,N,N,1845.74,0.1712,21,0.0,0.047958
NB010007574 ,2700,SW,3,14750.87,0,0,N,N,N,N,370.34,0.0836,47,0.0,0.002104
NB010007581,2400,MID,7,32678.8,0,0,N,N,N,N,621.95,0.1991,62,0.0,0.030748
NB010007588,2110,SW,9,218114.3,0.0,95,N,N,Y,N,2238.04,5.7765,115,76.2,0.058362
NB010007595,2400,NW,5,28388.11,2500,0,N,N,N,N,1116.6,0.1709,30,0.0,0.006655
NB010007602,2100,LON,9,270474.26,0.0,0,N,N,N,N,1803.16,3.5253,177,45.8,0.038191
NB010007609,2400,NW,2,12447.83,2500,0,N,N,N,N,341.59,0.2112,43,0.0,0.001409
NB010007616 ,2101,NW,7,508752.61,0.0,0,N,N,N,Y,0.0,2.94,213,46.3,0.031721
NB010007623,2110,SE,7,83446.0,0.0,0,N,N,N,N,340.71,4.5065,289,78.5,0.027634
NB010007630,2500,SE,6,447.01,1052.99,0,N,N,N,N,6.43,0.2155,82,0.0,0.022516
NB010007637 ,2600,SE,3,27.52,472.48,0,N,N,N,N,1.35,0.159,24,0.0,0.002315
NB010007644,2400,NW,15,22000.15,0,0,N,N,Y,N,603.73,0.1124,43,0.0,0.091083
NB010007651,2400,NE,6,16432.69,0,0,N,N,N,N,430.9,0.2059,45,0.0,0.021357
NB010007658,2400,SW,9,31299.83,0,0,N,N,N,N,2308.36,0.1505,16,0.0,0.064388
NB010007665,2500,SCO,7,738.49,4261.51,0,N,N,N,N,8.89,0.3455,98,0.0,0.029017
NB010007672,2100,WAL,4,248129.3,0.0,0,N,N,N,N,3253.25,5.4118,90,84.1,0.004062
NB010007679,2120,LON,11,400942.77,0.0,0,N,N,N,N,3218.45,8.4706,147,81.2,0.078134
NB010007686,2120,LON,13,88364.66,0.0,0,N,N,N,N,1145.83,7.2047,91,73.2,0.090264
NB010007693,2500,SW,7,2015.49,984.51,999,N,Y,N,N,38.99,0.2903,61,0.0,0.024902
NB010007700,2110,LON,10,77116.09,0.0,0,N,N,N,N,452.72,4.4044,201,88.2,0.069244
NB010007707,2600,MID,5,1271.23,1228.77,0,N,N,N,N,38.46,0.3093,39,0.0,0.007225
NB010007714 ,2110,SE,3,474499.14,0.0,0,N,N,N,N,2604.23,4.1717,215,70.1,0.003938
NB010007721,2500,NW,6,2135.66,864.34,0,N,N,N,N,63.0,0.2839,40,0.0,0.013028
NB010007728,2400,NW,7,30916.56,0,0,N,Y,N,N,444.9,0.0765,82,0.0,0.022243
NB010007735 ,2100,NE,8,482154.59,0.0,0,N,N,N,N,5079.84,5.4162,112,65.6,0.049008
NB010007742,2100,NI,5,476133.29,0.0,0,N,N,N,N,2613.2,4.7659,215,86.9,0.009142
NB010007749,2100,SCO,1,214798.2,0.0,130,N,N,N,N,1001.83,5.827,253,73.6,0.000702
NB010007756,2100,MID,9,353511.63,0.0,0,N,N,N,N,1745.37,5.5046,239,77.5,0.06585
NB010007763,2101,LON,5,71731.69,0.0,0,N,N,N,Y,0.0,4.5193,135,76.3,0.005719
NB010007770,2110,NE,4,609763.16,0.0,0,N,N,N,N,5710.48,4.8157,126,81.5,0.004734
NB010007777,2400,NW,7,3899.56,2500,0,N,N,N,N,56.81,0.097,81,0.0,0.019194
NB010007784,2110,NE,7,189142.6,0.0,0,Y,N,N,N,785.87,3.1503,284,89.0,0.036338
NB010007791,2400,NW,4,2929.55,0,0,N,N,N,N,46.09,0.1313,75,0.0,0.004148
NB010007798,2700,SE,7,26208.46,0,0,N,N,N,N,490.89,0.103,63,0.0,0.027888
NB010007805,2110,NI,6,140418.68,0.0,0,N,N,N,N,2239.11,6.7749,74,81.3,0.015989
NB010007812,2100,LON,3,129352.53,0.0,0,N,N,N,N,1774.84,5.0951,86,47.2,0.002998
NB010007819,2110,NW,8,597476.37,0.0,0,N,N,N,N,2582.5,3.5832,273,71.2,0.026351
NB010007826,2100,NE,8,515102.05,0.0,0,N,N,N,N,5378.94,3.8764,113,81.4,0.051535
NB010007833,2500,LON,5,1262.31,237.69,35,N,N,N,N,25.25,0.2055,59,0.0,0.006591
NB010007840,2600,NW,5,13.06,986.94,0,N,N,N,N,0.26,0.3099,60,0.0,0.007489
NB010007847,2400,SE,9,37742.69,0,62,N,N,N,N,601.84,0.1911,74,0.0,0.045362
NB010007854,2700,LON,9,21351.93,0,0,N,N,N,N,699.87,0.1159,36,0.0,0.047911
NB010007861,2500,LON,4,909.91,590.09,0,N,N,N,N,12.94,0.3223,83,0.0,0.006487
NB010007868,2400,MID,2,11209.48,2500,0,N,N,N,N,300.62,0.1812,44,0.0,0.002029
NB010007875,2700,MID,6,12630.64,0,130,N,N,Y,N,363.52,0.0876,41,0.0,0.023646
NB010007882,2110,MID,8,524132.83,0.0,0,N,N,N,N,4547.62,3.9791,136,71.9,0.026601
NB010007889,2110,SE,11,176772.25,0.0,0,N,N,N,N,709.49,5.8203,294,68.9,0.057702
NB010007896,2101,SE,10,157663.47,0.0,0,N,N,N,Y,0.0,5.6743,136,48.4,0.062456
NB010007903,2100,WAL,12,416337.55,0.0,62,N,N,N,N,1839.99,4.0317,267,79.6,0.096648
NB010007910,2100,MID,2,426090.01,0.0,0,N,N,N,N,7393.91,5.0881,68,56.0,0.001741
NB010007917,2400,NW,6,37394.4,0,0,N,N,N,N,1697.13,0.1044,26,0.0,0.013316
NB010007924 ,2500,WAL,6,1073.05,426.95,12,N,N,N,N,22.61,0.3032,56,0.0,0.0199
NB010007931,2100,NI,11,205091.64,0.0,0,N,N,N,N,2033.68,2.5325,119,73.0,0.061432
NB010007938 ,2100,NW,7,113314.4,0.0,35,N,N,N,N,1261.42,5.5289,106,53.9,0.020264
NB010007945,2110,MID,13,609347.94,0.0,0,N,N,N,N,2462.43,5.5441,292,85.8,0.086759
NB010007952,2101,MID,8,250387.61,0.0,47,N,N,N,Y,0.0,4.022,68,74.9,0.046946
NB010007959,2130,LON,10,67866.89,0.0,0,N,N,N,N,817.17,7.1854,98,71.0,0.070889
NB010007966,2700,SE,5,4858.33,0,0,N,N,N,N,88.2,0.0682,65,0.0,0.010997
NB010007973,2100,LON,5,294208.85,0.0,0,N,N,N,N,1281.06,3.3733,271,82.3,0.006722
NB010007980 ,2400,SCO,10,36338.63,0,0,N,N,N,N,1531.41,0.1042,28,0.0,0.052156
NB010007987,2110,NW,6,75307.97,0.0,0,Y,N,N,N,502.05,4.814,177,90.6,0.02549
NB010007994,2100,WAL,11,236518.19,0.0,0,N,N,N,N,1594.81,2.2034,175,49.7,0.075962
NB010008001,2120,WAL,7,46459.18,0.0,0,N,N,N,N,375.49,8.2711,146,69.1,0.028273
NB010008008 ,2101,WAL,10,234021.0,0.0,0,N,N,N,N,1569.0,6.1935,176,78.9,0.077948
NB010008015,2400,SE,9,29941.23,2500,0,N,N,N,N,1859.51,0.1876,19,0.0,0.057729
NB010008022,2100,LON,7,223607.14,0.0,0,N,N,N,N,2692.41,2.7944,98,75.5,0.031379
NB010008029,2400,SCO,7,12516.1,0,0,N,N,N,N,399.16,0.1414,37,0.0,0.028252
NB010008036,2100,WAL,5,298926.37,0.0,0,N,N,N,N,1876.24,3.7899,188,43.0,0.006865
NB010008043 ,2100,NI,7,223466.84,0.0,0,N,N,N,N,1067.57,3.7565,247,70.5,0.020013
NB010008050,2400,NI,6,16313.57,0,0,N,N,N,N,1132.35,0.1558,17,0.0,0.018184
NB010008057,2400,NE,9,10487.47,0,0,N,N,N,N,179.35,0.1217,69,0.0,0.06866
NB010008064,2600,LON,10,372.63,127.37,0,N,N,N,N,9.77,0.1702,45,0.0,0.060499
NB010008071,2400,SW,6,34262.27,0,N/A,N,N,N,N,918.85,0.1124,44,0.0,0.025312
NB010008078,2130,NI,7,214042.6,0.0,47,Y,N,N,N,9714.24,8.7628,26,82.3,0.035535
NB010008085,2500,SE,9,11694.45,305.55,0,N,N,N,N,287.49,0.3305,48,0.0,0.060581
NB010008092,2600,SCO,5,838.58,1661.42,0,N,N,N,N,17.99,0.3965,55,0.0,0.009643
NB010008099,2400,MID,7,40785.51,2500,0,N,N,N,N,2187.59,0.1047,22,0.0,0.029817
NB010008106,2500,NW,13,2008.47,991.53,0,N,N,N,N,169.29,0.2607,14,0.0,0.06393
NB010008113,2101,SCO,7,296142.44,0.0,0,N,N,N,Y,0.0,3.4381,197,73.3,0.035077
NB010008120,2100,MID,11,500677.97,0.0,0,N,N,N,N,3938.67,5.3729,150,61.1,0.064321
NB010008127,2600,WAL,4,817.16,1682.84,0,N,N,N,N,21.43,0.3258,45,0.0,0.003445
NB010008134,2100,WAL,10,260073.49,0.0,0,N,N,N,N,1549.93,2.1046,198,47.6,0.043182
NB010008141,2100,NE,9,518666.8,0.0,0,N,Y,N,N,3381.36,2.1269,181,54.5,0.061192
NB010008148,2100,SE,9,327427.92,0.0,0,N,N,N,N,1486.02,5.0917,260,85.5,0.05987
NB010008155,2101,NW,4,378515.8,0.0,0,N,N,N,Y,0.0,5.5005,90,67.5,0.005014
NB010008162,2110,NE,6,355307.74,0.0,0,N,N,N,N,2588.04,4.3419,162,85.0,0.01479
NB010008169,2500,LON,6,2878.21,9121.79,0,N,N,N,N,121.3,0.2746,28,0.0,0.024057
NB010008176,2100,NE,5,103921.47,0.0,0,N,N,N,N,408.76,3.0632,300,78.5,0.010056
NB010008183,2600,MID,7,42.2,457.8,0,N,N,N,N,4.15,0.2123,12,0.0,0.03827
NB010008190,2100,LON,6,599541.79,0.0,0,N,N,N,N,3996.95,3.0723,177,87.3,0.014717
NB010008197,2400,SW,5,40236.36,0,0,N,N,N,N,895.83,0.0847,53,0.0,0.006937
NB010008204,2500,SE,9,1261.39,238.61,0,N,N,N,N,21.57,0.1993,69,0.0,0.061624
NB010008211,2500,LON,4,2579.25,420.75,0,N,N,N,N,63.41,0.3479,48,0.0,0.004629
NB010008218,2101,NE,5,451074.85,0.0,0,N,N,N,Y,0.0,5.3745,188,77.7,0.005932
NB010008225,2100,NW,8,321089.51,0.0,0,N,N,N,N,1491.68,5.1033,254,50.3,0.053954
NB010008232,2500,NI,5,1446.76,53.24,0,N,N,N,N,26.67,0.2579,64,0.0,0.010072
NB010008239,2400,WAL,8,17462.26,0,0,N,N,N,N,664.69,0.0748,31,0.0,0.051694
NB010008246 ,2100,NI,7,52777.79,0.0,0,N,N,N,N,283.08,2.9329,220,40.5,0.022785
NB010008253,2500,MID,10,180.11,1319.89,0,N,N,N,N,3.73,0.2797,57,0.0,0.072272
NB010008260,2600,NW,6,610.4,389.6,0,N,N,N,N,37.91,0.3414,19,0.0,0.013663
NB010008267,2101,NI,12,138522.01,0.0,0,N,N,N,N,1104.43,5.7207,148,45.0,0.081363
NB010008274 ,2700,MID,2,12716.49,0,75,N,Y,N,N,348.96,0.1448,43,0.0,0.00112
NB010008281,2400,SE,7,3647.27,0,0,N,N,N,N,61.48,0.1969,70,0.0,0.029499
NB010008288,2400,SCO,5,6684.29,0,0,N,N,N,N,108.05,0.1012,73,0.0,0.0105
NB010008295,2400,SW,7,35410.33,0,0,N,N,N,N,1392.81,0.2012,30,0.0,0.029994
NB010008302,2500,SW,6,216.17,1283.83,999,N,N,N,N,4.81,0.2916,53,0.0,0.024115
NB010008309,2700,NI,9,37149.03,2500,0,N,N,N,N,1623.55,0.1389,27,0.0,0.054278
NB010008316,2110,NI,7,201229.53,0.0,0,N,N,N,N,1840.7,5.938,129,73.1,0.019723
NB010008323,2101,LON,7,273505.81,0.0,0,N,N,N,Y,0.0,2.6961,124,60.6,0.027486
NB010008330,2110,LON,11,511218.1,0.0,0,N,N,N,N,2534.61,4.6166,238,77.9,0.069423
NB010008337,2500,SW,5,963.72,2036.28,0,N,N,N,N,13.22,0.3487,86,0.0,0.005743
NB010008344,2110,NE,4,99276.27,0.0,0,N,N,N,N,629.82,3.988,186,75.7,0.00438
NB010008351,2600,SE,2,97.86,902.14,0,N,N,N,N,2.75,0.3575,42,0.0,0.001748
NB010008358,2600,SW,5,2304.79,195.21,75,N,N,N,N,60.44,0.2203,45,0.0,0.010438
NB010008365,2400,MID,2,36505.13,2500,0,N,N,N,N,916.51,0.1927,47,0.0,0.001909
NB010008372,2100,LON,8,99736.86,0.0,0,N,N,N,N,1730.73,5.374,68,57.2,0.038067
NB010008379,2130,NW,5,82057.64,0.0,0,N,N,N,N,1698.74,7.8901,57,84.9,0.009047
NB010008386,2100,WAL,3,582736.2,0.0,0,N,N,N,N,10263.12,2.8508,67,80.6,0.002623
NB010008393,2400,NI,9,41930.38,2500,0,N,N,N,N,1178.04,0.203,42,0.0,0.046613
NB010008400,2110,NW,2,474198.17,0.0,0,N,N,N,N,7082.96,6.2207,79,88.5,0.001276
NB010008407,2120,SE,6,388213.41,0.0,0,N,N,N,N,3607.02,5.1024,127,61.5,0.022945
NB010008414,2100,NE,9,514607.9,0.0,0,N,N,N,N,2976.65,3.1018,204,70.2,0.03711
NB010008421,2700,LON,5,4552.92,2500,0,N,N,N,N,64.73,0.0646,83,0.0,0.008099
NB010008428,2100,SW,6,512515.53,0.0,0,N,N,N,N,2448.45,4.7397,247,47.7,0.025032
NB010008435 ,2101,LON,8,151959.81,0.0,0,N,N,N,Y,0.0,4.1773,184,79.7,0.031609
NB010008442,2500,MID,10,3079.74,1920.26,0,N,N,N,N,35.98,0.3041,101,0.0,0.048354
NB010008449,2110,SE,6,183675.58,0.0,0,N,N,N,N,1008.08,3.9342,215,90.4,0.020693
NB010008456,2100,LON,3,380531.58,0.0,0,N,N,N,N,2279.33,4.059,197,84.1,0.002904
NB010008463,2700,NE,11,36195.87,0,0,N,N,N,N,1472.8,0.1235,29,0.0,0.063051
NB010008470,2100,LON,7,293653.48,0.0,0,N,N,N,N,2014.6,5.2002,172,48.8,0.02996
NB010008477,2400,NI,7,25075.44,0,5,N,N,N,N,1557.32,0.1378,19,0.0,0.021238
NB010008484,2400,NW,4,3031.1,2500,0,N,N,N,N,105.2,0.1377,34,0.0,0.005821
NB010008491,2400,NE,9,39319.31,0,0,N,N,N,N,702.98,0.183,66,0.0,0.050406
NB010008498,2500,WAL,6,3824.8,1175.2,0,N,N,N,N,42.58,0.3413,106,0.0,0.01927
NB010008505,2110,NW,8,131694.33,0.0,0,N,N,N,N,1151.11,4.427,135,89.5,0.051151
NB010008512,2100,SCO,5,453885.58,0.0,0,N,N,N,N,3909.38,3.4724,137,69.4,0.006311
NB010008519,2100,SW,9,438247.23,0.0,0,N,N,N,N,2585.66,3.5132,200,51.7,0.052922
NB010008526,2100,SE,8,88865.7,0.0,0,N,N,N,N,896.25,5.3271,117,36.9,0.035391
NB010008533,2600,SW,8,459.92,540.08,0,N,N,N,N,10.24,0.1628,53,0.0,0.048085
NB010008540,2110,NE,1,184949.02,0.0,0,N,N,N,N,727.47,3.5643,300,79.3,0.001009
NB010008547,2101,SCO,4,406399.38,0.0,0,N,N,N,Y,0.0,3.97,188,81.4,0.006191
NB010008554,2100,MID,3,281971.7,0.0,0,Y,N,N,N,1879.81,4.3758,177,78.1,0.003755
NB010008561,2500,SCO,9,1542.91,1457.09,0,N,N,N,N,15.3,0.2062,119,0.0,0.039604
NB010008568,2600,SCO,7,3837.97,1162.03,0,N,N,N,N,96.36,0.2282,47,0.0,0.027808
NB010008575 ,2130,NW,4,140588.18,0.0,0,N,N,N,N,1394.07,8.5572,119,73.3,0.004125
NB010008582,2110,MID,8,416274.76,0.0,0,N,N,N,N,2274.09,5.6766,216,91.8,0.030073
NB010008589 ,2500,SCO,8,1114.88,1885.12,0,N,N,N,N,34.62,0.3465,38,0.0,0.048124
NB010008596,2500,NI,8,885.47,614.53,0,N,N,N,N,11.48,0.3382,91,0.0,0.029324
NB010008603,2500,MID,5,10450.32,1549.68,0,N,N,N,N,616.57,0.2119,20,0.0,0.007531
NB010008610,2120,SW,6,285106.74,0.0,95,N,N,Y,N,2548.68,4.2177,132,82.6,0.019442
NB010008617,2100,NW,7,332447.36,0.0,0,N,N,N,N,1329.79,3.1797,295,81.2,0.035907
NB010008624,2500,LON,7,1165.99,3834.01,0,N,N,N,N,57.33,0.2291,24,0.0,0.029461
NB010008631 ,2110,LON,3,133052.58,0.0,0,N,N,N,N,665.26,5.8342,236,81.4,0.002637
NB010008638,2100,SE,7,50118.59,0.0,0,N,N,N,N,704.05,5.5158,84,46.7,0.034487
NB010008645,2130,WAL,9,475960.76,0.0,0,N,N,N,N,17019.2,8.589,33,65.0,0.05417
NB010008652,2500,NE,5,3744.97,1255.03,0,N,N,N,N,55.94,0.2977,79,0.0,0.01091
NB010008659,2100,WAL,4,345121.9,0.0,47,N,N,N,N,2225.38,5.1316,183,74.7,0.006295
NB010008666,2100,WAL,6,119983.84,0.0,999,N,N,N,N,544.54,3.5655,260,66.7,0.02547
NB010008673,2110,MID,2,451973.81,0.0,0,N,N,N,N,7111.05,3.2555,75,84.4,0.001642
NB010008680,2500,NI,9,1250.94,249.06,0,N,N,N,N,19.17,0.29,77,0.0,0.061659
NB010008687,2700,MID,7,16524.59,0,0,N,N,N,N,324.98,0.1117,60,0.0,0.039352
NB010008694 ,2120,LON,15,65845.38,0.0,0,N,N,Y,N,1412.68,4.36,55,68.1,0.125884
NB010008701,2500,NW,7,6666.02,1333.98,0,N,N,N,N,148.41,0.2723,53,0.0,0.033899
NB010008708,2700,SCO,9,28231.32,0,0,N,N,N,N,350.66,0.1343,95,0.0,0.059357
NB010008715,2130,NW,9,441050.99,0.0,0,N,N,N,N,5982.07,5.0596,87,76.0,0.066606
NB010008722,2100,WAL,3,439141.85,0.0,0,N,N,N,N,2978.09,3.22,174,80.2,0.003935
NB010008729,2600,MID,5,3084.58,1915.42,0,Y,N,N,N,84.65,0.3238,43,0.0,0.006722
NB010008736,2100,NI,1,273580.84,0.0,0,N,N,N,N,1968.45,4.639,164,48.7,0.000697
NB010008743,2400,NW,10,40028.62,0,22,N,N,N,N,800.57,0.1521,59,0.0,0.080713
NB010008750,2400,SE,6,9378.35,2500,0,N,N,N,N,381.6,0.1492,29,0.0,0.023323
NB010008757,2100,NI,2,476375.34,0.0,0,N,N,N,N,2728.75,2.5541,206,83.2,0.001166
NB010008764,2100,MID,7,276351.14,0.0,0,N,N,N,N,2787.13,3.6945,117,78.1,0.034704
NB010008771,2500,WAL,7,686.55,813.45,0,N,N,N,N,47.65,0.2892,17,0.0,0.020771
NB010008778,2400,NW,5,21241.35,0,0,N,N,N,N,424.83,0.0807,59,0.0,0.005427
NB010008785,2100,NI,6,471774.15,0.0,0,N,N,N,N,2166.12,4.065,257,39.4,0.025191
NB010008792,2130,LON,4,193941.65,0.0,0,N,N,N,N,5085.58,8.6137,45,81.9,0.004891
NB010008799,2130,LON,7,264179.87,0.0,0,N,N,N,N,6494.42,7.0822,48,55.3,0.035282
NB010008806,2101,NE,9,549832.5,0.0,0,N,N,N,Y,0.0,4.8634,153,59.1,0.060955
NB010008813,2500,NI,8,4561.57,3438.43,0,N,N,N,N,52.77,0.1972,102,0.0,0.052555
NB010008820,2100,SE,3,584209.19,0.0,0,N,N,N,N,5428.09,5.403,127,85.9,0.003485
NB010008827,2101,SW,7,92722.58,0.0,0,N,N,N,N,1013.08,5.8973,108,55.6,0.038059
NB010008834,2110,SW,10,65462.67,0.0,0,N,N,N,N,589.66,4.2671,131,77.8,0.061557
NB010008841,2100,SW,11,595444.86,0.0,0,N,N,N,N,4684.17,2.554,150,38.2,0.092832
NB010008848 ,2130,MID,6,547318.82,0.0,0,N,N,N,N,9785.4,6.5433,66,75.1,0.013501
NB010008855,2101,SCO,6,375599.01,0.0,0,N,N,N,Y,0.0,4.4823,184,58.4,0.014624
NB010008862,2100,MID,4,224116.43,0.0,0,N,N,N,N,1528.66,5.7801,173,47.6,0.005139
NB010008869,2500,MID,7,2510.38,9489.62,62,N,N,N,N,36.57,0.2675,81,0.0,0.031775
NB010008876,2500,WAL,5,2418.67,2581.33,999,N,N,N,N,79.28,0.3103,36,0.0,0.010029
NB010008883,2500,LON,11,5196.51,2803.49,0,N,N,N,N,235.84,0.2088,26,0.0,0.053586
NB010008890,2500,SE,9,4060.67,939.33,0,N,N,N,N,101.95,0.2567,47,0.0,0.059538
NB010008897 ,2110,SCO,7,439024.47,0.0,0,N,N,N,N,4796.75,3.5458,108,89.7,0.019396
NB010008904,2700,MID,10,35760.9,2500,0,N,N,N,N,937.73,0.1467,45,0.0,0.051609
NB010008911,2100,NW,7,483260.58,0.0,0,N,N,N,N,4873.91,2.6986,117,45.8,0.033053
NB010008918,2400,NE,6,16068.54,0,0,N,N,N,N,287.29,0.1702,66,0.0,0.023384
NB010008925,2500,NE,5,1397.61,3602.39,0,N,N,N,N,78.53,0.3328,21,0.0,0.010492
NB010008932,2110,WAL,1,574039.22,0.0,0,N,N,N,N,3915.41,5.3132,173,87.3,0.000965
NB010008939,2100,SW,7,564191.12,0.0,0,N,N,N,N,2845.07,4.9143,234,35.7,0.023277
NB010008946,2100,WAL,10,387417.06,0.0,47,N,N,N,N,3109.88,5.1989,147,82.1,0.063881
NB010008953 ,2110,SW,8,535342.36,0.0,0,N,N,N,N,3609.74,4.3931,175,74.1,0.031456
NB010008960,2110,WAL,2,322991.3,0.0,0,N,N,N,N,1601.39,6.5476,238,69.6,0.001005
NB010008967,2400,LON,5,25778.19,0,0,N,N,N,N,370.95,0.0905,82,0.0,0.009255
NB010008974,2400,SE,8,23807.66,2500,35,N,N,N,N,1560.72,0.2213,18,0.0,0.029725
NB010008981,2110,SE,12,346136.99,0.0,130,N,N,Y,N,5236.43,3.6823,78,80.6,0.100971
NB010008988,2100,SE,9,310385.19,0.0,0,N,N,N,N,1317.46,3.769,278,35.1,0.055685
NB010008995,2700,NI,9,20305.81,0,0,N,N,N,N,420.37,0.1427,57,0.0,0.043721
NB010009002 ,2130,NI,12,384293.51,0.0,0,N,N,N,N,3943.19,4.9614,115,55.5,0.111128
NB010009009,2500,NW,12,10870.91,1129.09,0,N,N,N,N,194.36,0.2832,66,0.0,0.096511
NB010009016,2100,SE,9,582786.31,0.0,0,N,N,N,N,3003.0,5.2574,229,71.7,0.061465
NB010009023,2130,MID,3,274678.46,0.0,0,N,N,N,N,4155.39,5.6349,78,82.4,0.003849
NB010009030 ,2110,MID,11,273927.76,0.0,0,N,N,N,N,4897.5,3.8639,66,87.7,0.048768
NB010009037,2101,SE,6,403315.01,0.0,0,Y,N,N,Y,0.0,3.8847,165,64.2,0.02239
NB010009044,2400,NI,7,42221.37,0,0,N,N,N,N,858.99,0.2183,58,0.0,0.020371
NB010009051,2100,SE,8,491491.96,0.0,0,N,N,N,N,1952.73,5.6099,297,56.9,0.039349
NB010009058,2100,SE,9,129122.15,0.0,0,N,N,N,N,2087.18,4.5405,73,47.7,0.059755
NB010009065 ,2100,WAL,9,264771.32,0.0,0,N,N,N,N,1335.17,3.1934,234,62.8,0.051614
NB010009072,2100,LON,3,229633.23,0.0,0,N,N,N,N,921.66,3.4133,294,63.9,0.003289
NB010009079,2110,SW,5,612810.44,0.0,0,N,N,N,N,5927.18,3.5427,122,84.7,0.009818
NB010009086,2130,SCO,6,582728.25,0.0,0,N,N,N,N,7088.86,7.9399,97,63.2,0.017988
NB010009093 ,2400,NE,5,16393.44,2500,0,N,N,N,N,1018.12,0.2236,19,0.0,0.008123
NB010009100,2400,SW,10,16265.15,2500,47,N,N,N,N,1279.53,0.2133,15,0.0,0.079725
NB010009107,2400,MID,9,30316.51,0,0,N,N,N,N,464.59,0.184,77,0.0,0.042742
NB010009114,2500,NE,6,4499.1,500.9,0,N,N,N,N,44.99,0.2723,118,0.0,0.025148
NB010009121,2700,SE,9,15761.51,2500,0,N,N,N,N,404.32,0.0809,46,0.0,0.060514
NB010009128,2600,SCO,5,257.35,242.65,0,N,N,N,N,20.24,0.3003,15,0.0,0.005396
NB010009135,2100,SE,7,422725.58,0.0,0,N,N,N,N,2625.35,5.5601,190,44.3,0.019475
NB010009142,2100,NW,9,565753.75,0.0,0,N,N,N,N,2940.92,5.117,227,67.8,0.059051
NB010009149,2100,SCO,3,568592.73,0.0,0,N,N,N,N,7893.4,3.7557,85,59.6,0.00277
NB010009156,2500,MID,11,8854.0,3146.0,0,N,N,N,N,99.5,0.2617,105,0.0,0.060516
NB010009163 ,2500,WAL,9,950.31,549.69,0,N,N,N,N,11.68,0.1895,96,0.0,0.068243
NB010009170,2100,MID,5,272310.9,0.0,0,N,N,N,N,4525.73,4.036,71,53.8,0.010861
NB010009177,2500,MID,4,7484.69,4515.31,47,N,N,N,N,180.24,0.2057,49,0.0,0.004681
NB010009184 ,2110,SW,5,236622.59,0.0,0,N,N,N,N,1525.76,6.7517,183,81.0,0.008886
NB010009191,2100,NW,8,579893.75,0.0,0,N,N,N,N,2392.57,5.1677,286,40.6,0.028461
NB010009198,2600,WAL,9,382.77,117.23,0,N,N,N,N,8.21,0.377,55,0.0,0.056925
NB010009205,2500,NE,3,6368.42,5631.58,0,N,N,N,N,129.56,0.251,58,0.0,0.00354
NB010009212,2400,LON,8,14681.57,0,0,N,N,N,N,213.88,0.1702,81,0.0,0.049038
NB010009219,2101,NE,6,47903.53,0.0,0,N,N,N,Y,0.0,2.9778,240,59.0,0.019947
NB010009226,2100,MID,5,352232.44,0.0,0,N,N,N,N,2681.51,3.784,155,41.2,0.006584
NB010009233,2500,LON,7,1027.88,472.12,0,N,N,N,N,12.63,0.1957,96,0.0,0.039251
NB010009240,2101,SE,9,609927.56,0.0,0,N,N,N,Y,0.0,5.4853,191,53.7,0.049901
NB010009247,2700,SW,7,37794.06,0,0,N,N,N,N,524.67,0.097,85,0.0,0.025345
NB010009254,2100,NE,3,135035.9,0.0,0,N,N,N,N,1770.47,3.0205,90,76.0,0.003034
NB010009261,2500,SW,9,2391.32,608.68,0,N,N,N,N,23.51,0.1914,120,0.0,0.04617
NB010009268,2120,SCO,4,437033.05,0.0,0,N,N,N,N,5316.48,4.8123,97,63.4,0.00711
NB010009275,2110,SCO,5,222707.77,0.0,0,N,N,N,N,1081.46,3.5395,243,77.1,0.007314
NB010009282,2500,NI,6,2749.54,250.46,0,N,N,N,N,75.45,0.225,43,0.0,0.02134
NB010009289,2400,NW,8,38867.14,0,,N,Y,N,N,1994.05,0.0746,23,0.0,0.039229
NB010009296,2100,NW,8,105100.32,0.0,0,N,N,N,N,1148.32,2.4292,108,65.1,0.051682
NB010009303,2100,NI,8,407463.07,0.0,0,N,N,N,N,3062.46,5.7122,157,63.8,0.042934
NB010009310,2600,WAL,1,356.07,143.93,0,N,Y,N,N,20.01,0.3566,21,0.0,0.000681
NB010009317,2120,WAL,10,83292.23,0.0,0,N,N,N,N,910.04,5.5236,108,80.1,0.048409
NB010009324 ,2110,NE,8,514368.6,0.0,0,N,N,N,N,4398.22,3.5876,138,91.0,0.036467
NB010009331,2110,WAL,11,605098.67,0.0,0,N,N,N,N,11705.19,3.8809,61,91.5,0.092811
NB010009338,2100,WAL,6,585587.47,0.0,0,N,N,N,N,3656.05,2.1507,189,82.2,0.021699
NB010009345,2110,SW,4,46508.85,0.0,0,N,N,N,N,257.65,4.3843,213,88.2,0.004206
NB010009352,2400,MID,3,12879.45,0,0,N,N,N,N,506.59,0.2256,30,0.0,0.00306
NB010009359,2100,SCO,7,58310.13,0.0,0,N,N,N,N,300.46,5.2886,229,50.7,0.021187
NB010009366,2110,LON,2,259412.92,0.0,0,N,N,N,N,1308.15,5.5791,234,72.4,0.001133
NB010009373,2110,SW,4,172225.27,0.0,0,N,N,N,N,1181.55,4.3714,172,73.8,0.004357
NB010009380,2100,SCO,6,597600.94,0.0,0,N,N,N,N,7923.25,4.5281,89,72.8,0.016468
NB010009387,2500,SCO,7,4861.85,3138.15,0,N,N,N,N,75.49,0.3468,76,0.0,0.035787
NB010009394,2110,NW,9,266730.29,0.0,0,N,N,N,N,1819.32,5.0641,173,73.7,0.063469
NB010009401,2100,SW,2,111512.01,0.0,0,N,N,N,N,838.12,2.2246,157,51.8,0.001086
NB010009408,2700,NW,1,1498.46,2500,0,N,N,N,N,22.96,0.0969,77,0.0,0.000696
NB010009415,2100,NW,5,230266.87,0.0,0,N,N,N,N,4382.5,3.1021,62,78.9,0.007108
NB010009422,2100,SCO,7,56247.65,0.0,0,N,N,N,N,275.4,5.2707,241,84.9,0.029643
NB010009429,2700,NE,3,18554.4,2500,47,N,N,N,N,326.78,0.0734,67,0.0,0.003981
NB010009436,2100,SCO,8,103014.82,0.0,62,N,N,N,N,920.89,2.8665,132,55.7,0.032689
NB010009443,2500,WAL,5,4556.22,443.78,0,N,N,N,N,54.31,0.3059,99,0.0,0.009505
NB010009450,2700,LON,4,31922.92,0,0,N,N,N,N,837.09,0.1304,45,0.0,0.004636
NB010009457,2500,SE,8,2535.12,464.88,0,N,N,N,N,166.19,0.3421,18,0.0,0.033089
NB010009464,2400,SW,7,21454.95,0,0,N,N,N,N,562.6,0.1428,45,0.0,0.034428
NB010009471,2700,LON,3,6299.34,2500,0,N,N,N,N,107.73,0.1356,69,0.0,0.002567
NB010009478,2100,WAL,8,242434.16,0.0,0,N,N,N,N,1324.41,3.3674,216,50.1,0.04037
NB010009485,2100,NI,4,125700.76,0.0,0,N,N,N,N,1132.27,3.8127,131,65.7,0.00459
NB010009492,2100,SCO,7,399311.61,0.0,0,N,N,N,N,2588.94,4.6626,182,42.4,0.030353
NB010009499,2400,SE,5,28169.17,0,62,N,N,N,N,1187.13,0.179,28,0.0,0.010715
NB010009506 ,2700,SCO,8,14105.11,0,0,N,N,N,N,224.92,0.1289,74,0.0,0.050955
NB010009513,2100,NW,6,240035.25,0.0,0,N,N,N,N,1348.77,4.094,210,38.0,0.023204
NB010009520,2100,WAL,7,375116.14,0.0,0,N,N,N,N,1633.35,5.4339,271,55.6,0.03583
NB010009527 ,2100,MID,6,343977.72,0.0,0,N,N,N,N,3723.8,5.1921,109,55.4,0.018519
NB010009534 ,2700,NE,3,22575.69,0,0,N,N,N,N,286.44,0.0843,93,0.0,0.003403
NB010009541,2101,NW,6,207856.7,0.0,0,N,N,N,Y,0.0,5.4413,146,80.3,0.02036
NB010009548,2120,WAL,4,407887.73,0.0,0,N,N,N,N,7404.73,6.898,65,64.0,0.004627
NB010009555,2600,NE,7,560.71,1939.29,62,N,Y,N,N,20.05,0.2937,33,0.0,0.035548
NB010009562,2110,NW,8,345557.77,0.0,0,N,N,N,N,2851.46,4.3219,143,72.1,0.029833
NB010009569,2500,SW,12,3731.58,8268.42,0,N,N,N,N,244.63,0.3374,18,0.0,0.056847
NB010009576 ,2100,SCO,9,571868.24,0.0,0,Y,N,N,N,3992.93,5.1074,169,58.8,0.049026
NB010009583,2120,LON,7,514348.19,0.0,0,N,N,N,N,6388.75,8.2206,95,78.8,0.029454
NB010009590,2100,SW,3,371842.94,0.0,0,N,N,N,N,2925.16,2.9903,150,37.3,0.003706
NB010009597 ,2700,NW,9,40337.54,0,0,N,N,N,N,1487.45,0.1284,32,0.0,0.049625
NB010009604,2100,SE,8,284968.38,0.0,0,N,N,N,N,1143.75,4.8345,294,56.9,0.035975
NB010009611,2500,NW,6,3639.68,1360.32,0,N,N,N,N,84.21,0.2784,51,0.0,0.023838
NB010009618,2600,SE,11,954.72,45.28,0,N,N,N,N,30.45,0.2082,37,0.0,0.073572
NB010009625,2110,WAL,7,444624.48,0.0,0,N,N,N,N,8327.89,5.3243,63,86.2,0.023118
NB010009632,2700,SW,4,28322.17,0,0,N,N,N,N,498.81,0.0725,67,0.0,0.006291
NB010009639,2130,NI,11,209829.7,0.0,0,N,N,N,N,2606.31,7.324,95,68.2,0.06205
NB010009646,2100,NW,4,247977.71,0.0,0,N,N,N,N,1773.42,3.2202,165,68.1,0.005016
NB010009653,2100,NI,5,282220.97,0.0,0,N,N,N,N,1699.09,4.4428,196,84.7,0.008059
NB010009660,2100,NI,1,460329.85,0.0,0,N,N,N,N,2272.76,4.0411,239,63.2,0.000787
NB010009667,2100,LON,14,75130.4,0.0,0,N,N,N,N,681.95,3.2785,130,56.2,0.078627
NB010009674,2400,NI,3,32262.7,0,35,N,N,N,N,1312.76,0.0707,29,0.0,0.003871
NB010009681 ,2101,NW,6,378149.37,0.0,0,N,N,N,Y,0.0,5.3702,99,62.2,0.01759
NB010009688,2120,SCO,6,293317.07,0.0,0,N,N,N,N,3328.02,6.5874,104,83.4,0.015223
NB010009695 ,2400,WAL,5,2868.7,0,0,N,N,N,N,91.49,0.1682,37,0.0,0.005864
NB010009702,2100,WAL,6,200549.28,0.0,0,Y,N,N,N,1632.06,4.7734,145,49.1,0.017348
NB010009709,2500,SE,6,7764.68,4235.32,0,N,N,N,N,176.2,0.2223,52,0.0,0.014415
NB010009716 ,2500,MID,7,6767.36,5232.64,0,N,N,N,N,73.94,0.3465,108,0.0,0.028937
NB010009723,2100,SW,2,328795.02,0.0,0,N,N,N,N,2732.24,4.7617,142,63.0,0.00176
NB010009730,2400,SW,5,3457.33,2500,0,N,N,N,N,92.72,0.1237,44,0.0,0.010964
NB010009737,2100,NE,2,385159.29,0.0,0,N,Y,N,N,1825.25,4.0929,249,38.9,0.001143
NB010009744,2120,SCO,5,53487.46,0.0,0,N,Y,N,N,1539.4,6.7645,41,74.4,0.010635
NB010009751,2400,WAL,8,21201.84,0,35,N,N,N,N,454.88,0.1214,55,0.0,0.034245
NB010009758,2110,NI,8,571851.94,0.0,75,N,N,N,N,5576.74,3.7805,121,84.8,0.050355
NB010009765,2100,NW,15,534461.48,0.0,22,Y,N,Y,N,2189.81,5.1879,288,47.5,0.096086
NB010009772,2100,WAL,8,333431.77,0.0,0,N,N,N,N,1530.93,5.4922,257,38.2,0.031152
NB010009779,2100,WAL,8,398223.79,0.0,0,N,N,N,N,5221.16,5.6605,90,35.3,0.027294
NB010009786,2500,SCO,9,8427.85,3572.15,0,N,N,N,N,127.5,0.2912,78,0.0,0.048173
NB010009793,2110,NW,8,295334.7,0.0,0,N,N,N,N,1957.84,5.8771,178,91.2,0.036028
NB010009800,2100,NI,4,455816.9,0.0,0,N,N,N,N,6327.81,4.9262,85,82.3,0.006254
NB010009807,2120,NI,4,587359.06,0.0,62,N,N,N,N,5133.95,5.8489,135,68.9,0.006345
NB010009814,2110,NW,11,60988.14,0.0,0,N,N,N,N,354.51,6.1137,203,88.4,0.053374
NB010009821,2500,MID,7,392.06,1107.94,0,N,N,N,N,35.59,0.3284,13,0.0,0.031691
NB010009828 ,2100,SE,10,333598.79,0.0,0,N,N,N,N,1410.92,5.5984,279,75.9,0.075654
NB010009835 ,2600,LON,5,4292.22,707.78,0,N,N,N,N,163.38,0.3351,31,0.0,0.007556
NB010009842,2400,MID,4,35848.34,0,0,N,N,N,N,1458.66,0.0988,29,0.0,0.005553
NB010009849,2500,NW,7,898.71,2101.29,0,N,N,N,N,50.5,0.1931,21,0.0,0.02346
NB010009856,2110,SCO,5,435387.96,0.0,0,N,Y,N,N,7784.21,4.1598,66,76.7,0.005558
NB010009863,2700,LON,7,27952.33,0,0,N,N,N,N,1137.37,0.0926,29,0.0,0.039094
NB010009870 ,2400,NW,3,34656.12,0,0,N,N,N,N,743.53,0.2266,55,0.0,0.00271
NB010009877,2400,SCO,9,21836.95,0,0,N,N,N,N,757.87,0.1696,34,0.0,0.044998
NB010009884,2100,SW,3,581938.42,0.0,0,N,N,N,N,10249.06,3.7313,67,35.2,0.002961
NB010009891,2500,WAL,6,2751.33,5248.67,62,N,N,N,N,101.46,0.2853,32,0.0,0.01793
NB010009898,2100,WAL,4,130070.91,0.0,0,N,N,N,N,834.15,2.2532,184,80.1,0.005634
NB010009905,2110,NW,3,336394.69,0.0,0,N,N,N,N,5155.14,5.1424,77,82.4,0.002641
NB010009912,2500,NE,9,626.15,873.85,0,N,N,N,N,6.66,0.1989,111,0.0,0.041257
NB010009919,2110,MID,6,294365.77,0.0,0,N,N,N,N,1394.99,5.7043,249,79.4,0.025284
NB010009926,2500,WAL,9,8164.98,3835.02,0,N,N,N,N,356.84,0.3239,27,0.0,0.042661
NB010009933 ,2100,NW,10,345608.42,0.0,0,N,N,N,N,1728.04,2.2586,236,85.7,0.064117
NB010009940,2400,LON,2,34097.48,2500,N/A,N,N,N,N,1915.95,0.1804,21,0.0,0.001648
NB010009947,2101,WAL,6,392269.88,0.0,5,N,N,N,Y,0.0,5.4687,215,52.4,0.012734
NB010009954,2101,SCO,3,468315.47,0.0,0,N,N,N,N,2955.15,4.9014,187,43.1,0.003671
NB010009961,2100,SCO,8,414747.61,0.0,0,N,N,N,N,2127.84,4.798,230,47.1,0.045043
NB010009968,2600,SCO,6,1382.99,1117.01,0,N,N,N,N,58.28,0.1992,28,0.0,0.01647
NB010009975,2400,MID,4,38616.62,0,0,N,N,N,N,911.35,0.1821,50,0.0,0.006735
NB010009982,2400,SW,7,20138.08,0,0,N,N,N,N,819.41,0.2021,29,0.0,0.025901
NB010009989,2400,MID,8,33398.73,0,0,N,N,N,N,1459.65,0.1698,27,0.0,0.052978
NB010009996,2100,NW,3,288277.97,0.0,0,N,N,N,N,2834.73,5.6994,120,47.4,0.002559
NB010010003,2100,SE,6,128967.44,0.0,22,N,N,N,N,565.73,3.1384,269,79.7,0.021228
NB010010010,2101,LON,10,46093.35,0.0,0,N,N,N,Y,0.0,3.2199,146,73.8,0.080492
NB010010017,2110,LON,3,379272.14,0.0,0,N,N,N,N,2226.57,5.1995,201,72.6,0.00269
NB010010024,2100,WAL,7,182774.46,0.0,0,N,N,N,N,906.19,2.8246,238,35.4,0.039416
NB010010031,2100,LON,7,400573.23,0.0,0,N,N,N,N,3089.39,3.4571,153,64.1,0.032109
NB010010038,2400,SE,4,28156.51,0,0,N,N,N,N,1328.99,0.1901,25,0.0,0.005318
NB010010045,2101,SCO,9,603414.7,0.0,0,N,N,N,Y,0.0,6.0059,75,52.4,0.043451
NB010010052,2130,MID,6,598353.96,0.0,0,N,N,N,N,29419.07,6.8674,24,79.5,0.024689
NB010010059,2400,SW,7,4309.35,0,0,N,N,N,N,105.94,0.2224,48,0.0,0.034815
NB010010066,2700,MID,13,10186.05,0,0,N,N,N,N,462.29,0.1476,26,0.0,0.097033
NB010010073,2500,SW,9,2627.68,372.32,0,N,N,N,N,88.59,0.2008,35,0.0,0.042749
NB010010080,2600,LON,10,915.84,1584.16,0,N,N,N,N,31.79,0.2842,34,0.0,0.055315
NB010010087,2500,MID,3,3139.75,1860.25,0,N,N,N,N,33.68,0.2763,110,0.0,0.002416
NB010010094,2100,WAL,10,619540.64,0.0,0,N,N,N,N,7097.65,5.1996,103,80.4,0.043571
NB010010101,2400,NW,9,14488.05,0,0,N,N,N,N,474.89,0.2273,36,0.0,0.068318
NB010010108,2400,WAL,4,3482.41,0,0,N,N,N,N,74.71,0.1954,55,0.0,0.004992
NB010010115,2500,SCO,7,946.53,4053.47,0,N,N,N,N,19.94,0.3428,56,0.0,0.028991
NB010010122,2110,WAL,10,527573.52,0.0,0,N,N,N,N,7981.24,6.0242,78,79.1,0.042551
NB010010129,2100,SCO,7,210180.82,0.0,47,N,N,N,N,855.22,2.8223,290,67.0,0.021804
NB010010136,2500,MID,7,855.13,7144.87,0,N,N,N,N,77.62,0.209,13,0.0,0.038406
NB010010143,2101,SE,5,96297.62,0.0,0,N,N,N,Y,0.0,5.7514,158,65.4,0.006155
NB010010150,2400,SW,8,7909.16,2500,0,N,N,N,N,717.91,0.1209,13,0.0,0.035573
NB010010157,2120,WAL,8,55628.77,0.0,0,N,N,N,N,619.26,7.6394,106,63.7,0.030719
NB010010164,2110,NI,11,277320.74,0.0,0,N,N,N,N,1211.99,3.6713,270,77.6,0.074714
NB010010171,2110,SW,9,582377.67,0.0,0,N,N,N,N,8181.02,3.2086,84,69.6,0.042904
NB010010178,2500,NI,3,78.99,1421.01,0,N,N,N,N,0.82,0.194,113,0.0,0.002034
NB010010185,2500,MID,4,3243.23,4756.77,0,N,N,N,N,70.87,0.3276,54,0.0,0.005283
NB010010192,2500,NE,7,1329.75,1670.25,0,N,N,N,N,42.41,0.3045,37,0.0,0.02242
NB010010199,2110,LON,5,550365.33,0.0,0,N,N,N,N,3491.56,6.7217,186,90.7,0.007673
NB010010206,2100,LON,3,565819.7,0.0,0,N,N,N,N,4252.66,4.4933,157,47.9,0.0039
NB010010213,2101,NE,8,57057.2,0.0,0,N,N,N,Y,0.0,3.1413,85,57.1,0.043409
NB010010220,2700,MID,6,15145.75,2500,0,N,N,N,N,203.09,0.0728,88,0.0,0.018743
NB010010227,2100,WAL,2,518923.97,0.0,0,N,N,N,N,9139.26,4.668,67,60.0,0.001141
NB010010234,2100,LON,11,504842.14,0.0,190,N,N,Y,N,2534.95,2.1172,235,48.3,0.051689
NB010010241 ,2100,SW,3,466331.73,0.0,0,N,N,N,N,2361.68,2.126,233,55.1,0.002412
NB010010248,2120,LON,5,487966.17,0.0,0,N,N,N,N,3971.04,4.7487,145,68.7,0.008419
NB010010255,2700,NE,5,16366.68,0,0,N,N,N,N,568.02,0.0635,34,0.0,0.011224
NB010010262 ,2100,SCO,6,467216.05,0.0,0,N,N,N,N,5405.05,2.4418,102,61.5,0.01511
NB010010269,2110,SW,11,428083.16,0.0,0,Y,N,N,N,1920.68,3.8462,263,74.6,0.079888
NB010010276,2110,NI,4,374324.86,0.0,0,N,N,N,N,4601.08,3.9785,96,68.3,0.004917
NB010010283,2400,LON,4,3537.71,2500,0,N,N,N,N,77.31,0.077,54,0.0,0.004306
NB010010290,2400,LON,15,6393.21,0,0,N,N,Y,N,121.68,0.0835,62,0.0,0.122605
NB010010297,2400,SE,5,27586.49,2500,0,N,N,N,N,2325.15,0.2034,14,0.0,0.009179
NB010010304,2400,NI,5,2973.1,0,0,N,N,N,N,61.55,0.07,57,0.0,0.007865
NB010010311,2110,NE,9,566130.63,0.0,47,N,N,N,N,9681.65,4.3415,69,84.0,0.06139
NB010010318,2100,MID,11,606815.34,0.0,0,N,N,N,N,3073.14,2.5328,233,84.9,0.08674
NB010010325,2110,NE,7,187161.26,0.0,0,N,N,N,N,1093.32,4.288,202,81.9,0.034589
NB010010332,2110,NE,10,101070.83,0.0,0,N,N,N,N,562.56,4.6629,212,79.0,0.076701
NB010010339,2700,WAL,10,22332.92,0,0,N,N,N,N,675.71,0.0875,39,0.0,0.057845
NB010010346,2500,SE,9,5616.19,6383.81,0,N,N,N,N,60.25,0.2285,110,0.0,0.057222
NB010010353,2400,NI,10,31971.47,0,0,N,N,N,N,820.14,0.1257,46,0.0,0.042556
NB010010360,2110,NW,13,91702.72,0.0,0,N,N,N,N,772.92,4.0016,140,87.0,0.111583
NB010010367,2110,SCO,6,342220.91,0.0,0,N,N,N,N,1748.14,3.7324,231,77.5,0.019611
NB010010374,2110,SCO,6,415588.82,0.0,0,N,N,N,N,2060.48,4.9231,238,78.4,0.017453
NB010010381,2700,SW,7,28127.56,2500,0,N,N,N,N,345.73,0.1118,96,0.0,0.019409
NB010010388,2101,SW,4,537154.98,0.0,0,N,N,N,Y,0.0,5.0495,169,80.3,0.004218
NB010010395,2700,WAL,10,13826.92,2500,0,N,N,N,N,354.69,0.0923,46,0.0,0.061034
NB010010402,2100,SCO,7,309596.55,0.0,0,N,N,N,N,3690.14,5.5469,99,85.6,0.038677
NB010010409 ,2120,SW,9,536931.56,0.0,999,N,N,N,N,4010.0,5.174,158,72.2,0.065032
NB010010416,2120,MID,8,149198.85,0.0,130,N,N,Y,N,3200.99,7.2129,55,65.3,0.02898
NB010010423,2400,LON,3,7492.62,0,0,N,N,N,N,304.87,0.1687,29,0.0,0.004036
NB010010430 ,2400,NE,3,20702.62,0,0,N,N,N,N,375.83,0.0816,65,0.0,0.002726
NB010010437,2600,SE,5,3099.15,1900.85,0,N,N,N,N,261.21,0.1788,14,0.0,0.00942
NB010010444,2500,SE,8,1407.27,92.73,0,N,N,N,N,22.44,0.3269,74,0.0,0.048356
NB010010451,2100,MID,4,297994.65,0.0,0,N,N,N,N,2790.74,3.6022,126,69.2,0.006522
NB010010458,2400,SE,9,31642.35,2500,0,N,N,N,N,472.63,0.1946,79,0.0,0.04661
NB010010465,2500,SCO,7,5047.3,2952.7,0,N,N,N,N,64.04,0.2322,93,0.0,0.032472
NB010010472,2500,WAL,6,1267.94,1732.06,0,N,N,N,N,48.26,0.2438,31,0.0,0.023762
NB010010479,2101,NI,7,223763.49,0.0,0,N,N,N,Y,0.0,4.3579,68,46.5,0.023779
NB010010486,2100,NW,5,378089.71,0.0,0,N,N,N,N,2165.76,5.2807,206,45.2,0.010123
NB010010493,2100,NW,7,260151.03,0.0,0,N,Y,N,N,1180.69,3.3059,260,36.4,0.034588
NB010010500,2500,MID,7,6496.68,5503.32,0,N,N,N,N,163.11,0.2393,47,0.0,0.035735
NB010010507,2101,MID,5,272579.52,0.0,0,N,N,N,Y,0.0,4.5848,143,72.5,0.011122
NB010010514,2500,MID,2,768.53,2231.47,0,N,N,N,N,60.46,0.1931,15,0.0,0.001787
NB010010521,2500,NI,1,5517.9,2482.1,0,N,N,N,N,361.73,0.3359,18,0.0,0.000618
NB010010528 ,2120,NI,7,345925.26,0.0,0,N,N,N,N,2776.82,8.057,147,67.2,0.033645
NB010010535,2101,SE,8,279737.14,0.0,0,N,Y,N,Y,0.0,5.0135,180,72.7,0.044912
NB010010542,2120,SE,8,430312.52,0.0,0,N,N,N,N,4745.5,7.0695,107,67.1,0.046306
NB010010549,2110,NI,9,549989.47,0.0,0,N,N,N,N,2821.69,3.5445,230,88.2,0.054856
NB010010556,2500,SW,8,10351.41,1648.59,0,N,N,N,N,508.94,0.3368,24,0.0,0.051301
NB010010563,2100,NE,3,250044.99,0.0,0,N,N,N,N,2020.91,5.7133,146,52.0,0.002016
NB010010570,2400,SCO,8,44360.96,0,0,N,N,N,N,781.28,0.214,67,0.0,0.049876
NB010010577 ,2400,LON,5,23999.55,0,0,N,N,N,N,1415.97,0.0878,20,0.0,0.011221
NB010010584,2400,NW,11,26245.06,0,0,N,N,N,N,1629.96,0.0783,19,0.0,0.090576
NB010010591,2100,NI,6,133485.65,0.0,0,N,N,N,N,1149.73,4.1718,137,51.5,0.015441
NB010010598,2100,WAL,12,263998.56,0.0,0,N,N,N,N,3461.31,5.2432,90,65.7,0.075985
NB010010605,2100,SE,8,73155.5,0.0,0,N,N,N,N,423.15,3.2962,204,54.8,0.038077
NB010010612,2110,SE,6,118177.43,0.0,0,N,N,N,N,733.94,5.3297,190,90.7,0.012719
NB010010619,2100,WAL,5,50708.15,0.0,0,N,N,N,N,687.77,4.466,87,67.3,0.008493
NB010010626,2700,WAL,8,2414.45,0,0,N,N,N,N,30.31,0.1435,94,0.0,0.036155
NB010010633,2500,SW,9,644.2,855.8,0,N,N,N,N,17.28,0.2045,44,0.0,0.040443
NB010010640,2100,NE,7,152695.86,0.0,0,N,N,N,N,677.37,2.7988,266,67.7,0.022119
NB010010647,2100,SE,3,73155.14,0.0,0,N,N,N,N,425.24,4.5505,203,85.6,0.003709
NB010010654,2500,MID,7,7245.89,754.11,0,N,N,N,N,91.94,0.2592,93,0.0,0.030987
NB010010661,2400,SE,15,22967.26,0,0,N,N,Y,N,475.46,0.1708,57,0.0,0.123015
NB010010668,2500,SE,11,2501.92,498.08,0,N,N,N,N,48.4,0.2742,61,0.0,0.056835
NB010010675,2400,MID,8,27651.53,0,0,N,N,N,N,758.81,0.2272,43,0.0,0.052606
NB010010682,2100,SW,10,334781.73,0.0,0,N,N,N,N,1405.84,5.5406,281,58.9,0.058396
NB010010689,2110,NI,8,442476.69,0.0,0,N,N,N,N,2462.84,5.2551,212,72.0,0.047313
NB010010696,2110,NW,10,196113.84,0.0,0,N,N,N,N,944.55,6.2131,245,77.9,0.071308
NB010010703,2100,NE,5,402018.1,0.0,0,N,N,N,N,3677.37,5.6098,129,43.9,0.005776
NB010010710,2100,MID,5,117270.7,0.0,0,N,Y,N,N,1010.07,2.425,137,62.2,0.010971
NB010010717,2700,MID,1,35727.0,2500,0,N,N,N,N,593.77,0.1131,71,0.0,0.000842
NB010010724,2100,NI,6,380213.18,0.0,0,N,N,N,N,1752.55,5.2062,256,48.2,0.02277
NB010010731,2700,MID,9,5983.39,0,0,N,N,N,N,96.72,0.1071,73,0.0,0.034787
NB010010738,2700,SW,4,19915.43,0,0,N,N,N,N,559.53,0.0754,42,0.0,0.005359
NB010010745,2500,SCO,5,5902.33,6097.67,0,N,Y,N,N,67.62,0.2308,103,0.0,0.007032
NB010010752,2100,NI,7,233138.02,0.0,0,N,N,N,N,1375.51,4.5069,200,56.3,0.032774
NB010010759,2100,NW,9,554784.96,0.0,0,N,N,N,N,2321.44,4.2173,282,51.3,0.065835
NB010010766,2100,LON,4,457082.36,0.0,0,N,N,N,N,2228.75,3.1655,242,45.4,0.006369
NB010010773,2100,NI,4,567808.97,0.0,0,Y,N,N,N,2648.28,4.9468,253,60.3,0.006389
NB010010780,2100,SW,8,590447.47,0.0,0,N,N,N,N,2775.81,3.3922,251,55.9,0.052345
NB010010787,2120,WAL,7,266484.93,0.0,0,N,N,N,N,2002.88,4.7368,157,63.2,0.020826
NB010010794,2500,WAL,7,4076.8,7923.2,0,N,N,N,N,104.58,0.254,46,0.0,0.037646
NB010010801,2400,SCO,11,25019.17,2500,0,N,N,N,N,868.31,0.1323,34,0.0,0.077634
NB010010808,2110,SE,6,198620.94,0.0,0,N,N,N,N,1331.66,4.7242,176,82.3,0.024055
NB010010815 ,2100,SE,5,61650.85,0.0,0,N,N,N,N,257.06,5.4836,283,68.7,0.009279
NB010010822,2101,NI,10,221660.62,0.0,0,N,N,N,N,4588.76,6.1305,57,75.2,0.071929
NB010010829,2120,SE,5,106768.26,0.0,0,N,N,N,N,2099.78,6.1749,60,77.5,0.008077
NB010010836,2100,SCO,11,450472.29,0.0,0,N,N,N,N,2271.61,4.4736,234,81.7,0.074001
NB010010843,2700,SCO,6,19594.04,0,0,N,N,N,N,481.69,0.1186,48,0.0,0.018117
NB010010850,2120,NW,6,162261.76,0.0,0,N,N,N,N,1679.55,7.8666,114,76.7,0.02201
NB010010857,2100,MID,7,124750.57,0.0,0,N,N,N,N,618.51,4.3626,238,46.1,0.030644
NB010010864,2110,SCO,11,427214.15,0.0,0,N,N,N,N,3969.39,3.1533,127,71.2,0.061401
NB010010871,2100,LON,6,433513.37,0.0,0,N,N,N,N,2253.51,5.6587,227,38.1,0.019585
NB010010878,2110,NE,6,375432.2,0.0,0,N,N,N,N,3601.71,5.4406,123,91.4,0.013195
NB010010885,2100,LON,2,231586.48,0.0,0,N,N,N,N,1485.17,5.4226,184,36.6,0.001483
NB010010892,2400,LON,9,25662.27,2500,5,N,Y,N,N,976.82,0.1984,31,0.0,0.058831
NB010010899,2500,NI,4,3953.41,1046.59,0,N,N,N,N,72.89,0.2053,64,0.0,0.005589
NB010010906,2500,NE,4,2860.54,2139.46,0,N,N,N,N,96.44,0.33,35,0.0,0.003931
NB010010913 ,2100,WAL,5,172056.1,0.0,0,N,N,N,N,976.09,5.5541,208,69.0,0.00899
NB010010920,2100,SW,4,381589.66,0.0,0,N,N,N,N,3001.84,2.2411,150,35.4,0.00454
NB010010927,2600,SW,2,3762.84,1237.16,0,N,N,N,N,87.06,0.236,51,0.0,0.00207
NB010010934,2110,NW,9,339514.71,0.0,0,N,N,N,N,1386.25,4.3127,289,71.9,0.065286
NB010010941,2100,SCO,6,293082.26,0.0,0,N,N,N,N,1335.28,4.5567,259,71.2,0.017323
NB010010948,2600,LON,7,313.0,187.0,0,N,N,N,N,8.79,0.3578,42,0.0,0.034124
NB010010955,2500,WAL,6,2943.77,2056.23,0,N,N,N,N,36.95,0.2757,94,0.0,0.017181
NB010010962,2110,SCO,8,280235.17,0.0,0,N,N,N,N,2396.21,4.91,138,77.5,0.044794
NB010010969 ,2100,NE,3,552942.58,0.0,0,N,N,N,N,6214.02,3.6557,105,82.5,0.003571
NB010010976,2110,LON,7,291298.16,0.0,0,N,N,N,N,1953.02,5.1308,176,76.0,0.024972
NB010010983,2600,WAL,7,750.88,4249.12,35,N,N,N,N,22.72,0.2695,39,0.0,0.023353
NB010010990,2700,NI,7,24813.13,0,0,N,N,N,N,1126.13,0.1293,26,0.0,0.026287
NB010010997 ,2400,NW,4,18510.48,0,0,Y,N,N,N,455.05,0.0988,48,0.0,0.006296
NB010011004,2100,SCO,7,458901.34,0.0,130,N,N,Y,N,2590.93,5.8127,209,62.5,0.028022
NB010011011,2100,LON,5,375891.49,0.0,0,N,N,N,N,5760.42,2.8966,77,84.2,0.00799
NB010011018,2400,SCO,9,44340.74,2500,0,N,N,N,N,4024.77,0.1673,13,0.0,0.03687
NB010011025,2500,NW,7,1199.84,6800.16,0,N,N,N,N,13.75,0.3133,103,0.0,0.039534
NB010011032,2120,NW,9,328791.46,0.0,0,N,N,N,N,8817.59,7.4984,44,74.6,0.042969
NB010011039 ,2600,WAL,6,1231.55,3768.45,0,N,N,N,N,72.66,0.3968,20,0.0,0.012354
NB010011046,2500,LON,12,11555.51,444.49,0,N,N,N,N,1136.29,0.2937,12,0.0,0.106013
NB010011053,2100,SCO,9,169760.89,0.0,0,N,N,N,N,944.9,4.2351,212,53.7,0.065448
NB010011060,2600,SCO,9,556.13,443.87,0,N,N,N,N,14.27,0.3313,46,0.0,0.053278
NB010011067,2700,SE,11,40360.71,2500,0,N,N,N,N,755.96,0.1373,63,0.0,0.063211
NB010011074,2400,WAL,5,37922.47,0,N/A,N,N,N,N,621.51,0.1813,72,0.0,0.011028
NB010011081,2101,SCO,9,602073.07,0.0,0,N,N,N,Y,0.0,3.5685,218,66.7,0.047153
NB010011088,2100,NI,3,252975.2,0.0,0,N,N,N,N,1203.67,3.8249,248,67.7,0.003122
NB010011095,2110,MID,12,428741.49,0.0,0,N,N,N,N,2320.71,4.4809,218,85.0,0.100375
NB010011102,2600,NW,6,724.79,275.21,0,N,N,N,N,14.5,0.2308,59,0.0,0.018485
NB010011109,2400,NW,8,5069.45,0,12,N,N,N,N,460.15,0.1493,13,0.0,0.046574
NB010011116,2700,NW,9,20287.61,0,0,N,N,N,N,291.94,0.1276,82,0.0,0.068115
NB010011123,2400,SCO,9,24692.55,0,0,N,Y,N,N,364.22,0.2154,80,0.0,0.049214
NB010011130,2600,SE,12,89.46,2410.54,35,N,Y,N,N,3.1,0.2142,34,0.0,0.06713
NB010011137,2100,SW,8,62113.65,0.0,0,N,N,N,N,718.57,4.1018,102,51.1,0.038556
NB010011144,2100,SW,1,595777.49,0.0,0,N,N,N,N,2492.97,3.9942,282,53.0,0.000839
NB010011151,2110,NW,6,351003.45,0.0,0,N,Y,N,N,1926.44,3.4406,215,91.3,0.021494
NB010011158,2110,WAL,7,596028.55,0.0,,N,N,N,N,4566.97,5.8654,154,86.4,0.024085
NB010011165,2100,SE,7,530811.87,0.0,0,N,N,N,N,3773.24,4.2533,166,70.6,0.031755
NB010011172,2600,NI,6,3762.52,1237.48,0,N,N,N,N,233.67,0.3696,19,0.0,0.019938
NB010011179,2400,NW,15,24323.69,0,0,N,N,Y,N,925.87,0.1463,31,0.0,0.08878
NB010011186 ,2500,NI,4,618.39,881.61,0,N,N,N,N,8.11,0.2529,90,0.0,0.004416
NB010011193,2101,NW,9,320140.04,0.0,47,N,N,N,Y,0.0,5.3201,114,70.7,0.035197
NB010011200,2500,WAL,4,141.24,1358.76,0,N,N,N,N,3.7,0.2236,45,0.0,0.004318
NB010011207,2600,SE,6,802.51,1697.49,0,N,N,N,N,72.84,0.3219,13,0.0,0.019138
NB010011214 ,2100,SW,7,191972.56,0.0,0,N,N,N,N,3653.67,2.8758,62,43.4,0.023089
NB010011221 ,2500,NE,4,2360.95,2639.05,0,N,N,N,N,27.31,0.2651,102,0.0,0.00554
NB010011228,2700,SW,9,41049.48,0,0,N,N,N,N,663.54,0.0599,73,0.0,0.052886
NB010011235,2600,NW,8,374.36,125.64,0,N,N,N,N,10.77,0.2268,41,0.0,0.041412
NB010011242,2120,NI,8,173212.09,0.0,0,N,N,N,N,2654.42,4.0119,77,81.6,0.039626
NB010011249,2100,SE,11,499628.79,0.0,0,N,N,N,N,2655.68,2.4164,222,44.1,0.078193
NB010011256 ,2400,WAL,4,43709.06,0,0,N,N,N,N,736.81,0.1861,70,0.0,0.006409
NB010011263,2400,MID,9,34426.57,0,0,N,N,N,N,564.21,0.0749,72,0.0,0.062607
NB010011270,2100,SE,4,76841.19,0.0,0,N,N,N,N,652.32,2.4808,139,61.0,0.006059
NB010011277,2400,NE,8,28298.04,0,,N,N,N,N,397.52,0.1722,84,0.0,0.02678
NB010011284,2110,SCO,7,411163.79,0.0,0,N,N,N,N,4293.57,5.1667,113,79.4,0.023698
NB010011291,2110,NW,9,314656.02,0.0,0,N,N,N,N,1237.65,4.5541,300,89.1,0.067113
NB010011298,2100,SE,10,235351.18,0.0,0,N,N,N,N,1036.25,3.5568,268,71.4,0.078797
NB010011305,2101,NI,9,412876.52,0.0,0,N,N,N,Y,0.0,5.6386,147,58.6,0.062067
NB010011312,2110,SCO,9,438539.83,0.0,0,N,N,N,N,4385.4,3.5571,118,75.5,0.055293
NB010011319,2110,LON,8,147815.85,0.0,0,N,N,N,N,1219.74,4.4725,143,85.6,0.026867
NB010011326,2500,SCO,3,3233.7,1766.3,0,N,N,N,N,238.49,0.2216,16,0.0,0.003279
NB010011333 ,2400,MID,6,29855.88,2500,0,N,N,N,N,510.58,0.1994,69,0.0,0.023816
NB010011340,2500,NE,3,2846.04,2153.96,0,N,N,N,N,54.17,0.345,62,0.0,0.003571
NB010011347,2100,NI,11,80083.02,0.0,0,N,N,N,N,323.62,4.1946,292,67.2,0.0786
NB010011354 ,2110,NI,5,524570.22,0.0,0,N,N,N,N,8364.77,6.6622,74,83.7,0.010887
NB010011361 ,2100,NW,5,581376.26,0.0,999,N,N,N,N,6596.38,4.3162,104,41.5,0.010749
NB010011368,2500,LON,4,3556.02,1443.98,0,N,N,N,N,139.87,0.2789,30,0.0,0.007039
NB010011375,2100,MID,5,128203.51,0.0,0,Y,N,N,N,1088.35,5.6252,139,58.3,0.008994
NB010011382,2400,NI,7,24418.58,2500,0,N,N,N,N,576.28,0.1116,50,0.0,0.033469
NB010011389,2100,MID,6,496881.5,0.0,0,N,N,N,N,2079.15,2.3032,282,67.8,0.023842
NB010011396,2100,NE,7,570719.92,0.0,0,N,N,N,N,2371.3,4.5964,284,53.6,0.0332
NB010011403,2600,SW,6,816.79,4183.21,0,N,N,N,N,38.55,0.3614,25,0.0,0.014275
NB010011410,2120,NI,5,309310.95,0.0,0,N,N,N,N,5793.44,6.6997,63,68.8,0.008631
NB010011417,2400,SW,11,24113.47,0,0,N,N,N,N,557.92,0.2213,51,0.0,0.060149
NB010011424,2400,NI,10,18036.94,0,0,N,N,N,N,665.11,0.1259,32,0.0,0.058625
NB010011431,2700,LON,10,38861.54,2500,0,N,N,N,N,595.54,0.1364,77,0.0,0.062151
NB010011438,2400,LON,1,40337.2,0,0,N,N,N,N,1699.92,0.153,28,0.0,0.000776
NB010011445,2500,NI,6,4760.95,7239.05,0,N,N,N,N,374.53,0.345,15,0.0,0.014455
NB010011452,2100,SE,6,384284.5,0.0,0,N,N,N,N,1537.14,3.14,295,37.4,0.015023
NB010011459,2100,NW,8,106184.26,0.0,0,N,N,N,N,577.41,3.1179,217,85.1,0.039331
NB010011466,2100,SCO,9,513965.52,0.0,0,N,N,N,N,3278.27,3.3797,185,61.9,0.036254
NB010011473,2700,NE,7,10199.23,0,0,N,N,N,N,316.71,0.0874,38,0.0,0.02254
NB010011480 ,2500,LON,7,2278.04,9721.96,0,N,N,N,N,116.87,0.2693,23,0.0,0.034635
NB010011487,2500,SCO,5,650.54,849.46,0,N,N,N,N,30.71,0.1911,25,0.0,0.010447
NB010011494,2500,LON,8,5032.82,2967.18,0,N,N,N,N,61.22,0.2726,97,0.0,0.044126
NB010011501 ,2500,SCO,3,3194.87,4805.13,0,N,N,N,N,139.63,0.235,27,0.0,0.00382
NB010011508,2100,NI,8,420231.96,0.0,0,N,N,N,N,2119.12,2.3578,234,53.9,0.040346
NB010011515,2100,NW,12,137208.54,0.0,0,N,N,N,N,629.98,3.4589,257,83.7,0.098196
NB010011522,2100,WAL,9,548178.72,0.0,0,N,N,N,N,7435.07,2.6786,87,83.3,0.035107
NB010011529,2100,NW,6,357934.55,0.0,0,N,N,N,N,2307.99,3.3193,183,37.1,0.016609
NB010011536,2100,LON,10,236693.95,0.0,0,N,N,N,N,986.92,4.5196,283,74.5,0.055225
NB010011543,2110,SCO,15,481927.78,0.0,0,N,N,N,N,3599.21,4.707,158,76.3,0.095976
NB010011550,2100,SCO,10,208776.44,0.0,0,N,N,N,N,1391.84,4.9592,177,76.2,0.050327
NB010011557,2100,SW,10,470539.2,0.0,35,N,N,N,N,2382.99,4.5261,233,45.2,0.040344
NB010011564,2500,MID,7,550.04,4449.96,0,N,N,N,N,10.14,0.3305,64,0.0,0.025364
NB010011571,2500,SE,8,5180.29,6819.71,0,N,N,N,N,61.13,0.2894,100,0.0,0.027952
NB010011578 ,2100,NI,7,233180.6,0.0,0,N,N,N,N,4510.71,5.2513,61,72.1,0.024889
NB010011585,2100,LON,11,447895.26,0.0,0,Y,N,N,N,3242.43,3.9283,163,87.9,0.097483
NB010011592,2110,SE,9,423298.61,0.0,0,N,N,N,N,2181.19,6.385,229,77.8,0.035647
NB010011599,2400,NI,10,33199.01,2500,0,N,N,N,N,1865.47,0.1408,21,0.0,0.079237
NB010011606,2100,SW,9,92174.14,0.0,0,N,N,N,N,1087.65,3.0625,100,69.9,0.059405
NB010011613 ,2110,SCO,7,68234.5,0.0,0,N,N,N,N,350.07,3.7727,230,90.9,0.035325
NB010011620,2400,SW,6,32059.17,0,62,N,N,N,N,497.76,0.1086,76,0.0,0.02496
NB010011627 ,2130,SCO,6,355977.51,0.0,0,N,N,N,N,8751.11,6.0876,48,69.0,0.023432
NB010011634,2500,SE,9,11751.05,248.95,0,N,Y,N,N,123.81,0.2331,112,0.0,0.03554
NB010011641,2500,SE,6,1840.14,3159.86,190,N,N,Y,N,24.4,0.2174,89,0.0,0.022542
NB010011648,2100,SE,5,163166.26,0.0,0,N,N,N,N,925.65,2.7898,208,44.3,0.009008
NB010011655,2100,SW,7,197690.94,0.0,0,N,N,N,N,2591.95,3.5207,90,36.9,0.020242
NB010011662 ,2110,SE,3,491395.28,0.0,0,N,N,N,N,2179.87,5.7099,266,83.3,0.003369
NB010011669,2400,SE,9,16623.09,2500,0,N,N,N,N,332.46,0.1332,59,0.0,0.049382
NB010011676,2600,SW,6,420.34,79.66,0,N,N,N,N,17.1,0.205,29,0.0,0.014361
NB010011683,2130,NW,9,245251.58,0.0,0,N,N,N,N,8511.67,8.8308,34,65.3,0.060033
NB010011690,2120,NI,6,266232.72,0.0,0,N,N,N,N,3414.72,7.0672,92,65.5,0.015864
NB010011697,2400,SE,5,42715.03,0,0,N,N,N,N,1200.09,0.1362,42,0.0,0.007762
NB010011704,2400,NW,6,30129.93,0,0,N,N,N,N,480.45,0.1692,74,0.0,0.013048
NB010011711,2101,LON,6,322649.8,0.0,0,N,N,N,Y,0.0,3.5214,179,78.5,0.019553
NB010011718,2101,NW,1,570398.3,0.0,0,N,N,N,Y,0.0,5.5221,117,79.2,0.000542
NB010011725,2130,LON,2,126963.5,0.0,95,N,N,N,N,1560.59,7.3626,96,84.8,0.001111
NB010011732,2101,LON,3,85407.66,0.0,0,N,N,N,Y,0.0,5.1986,161,58.2,0.002456
NB010011739,2101,SCO,10,81388.25,0.0,0,N,N,N,Y,0.0,4.973,84,51.5,0.07446
NB010011746,2700,WAL,6,23557.56,2500,N/A,N,N,N,N,421.18,0.0619,66,0.0,0.023328
NB010011753,2600,MID,9,483.14,2016.86,0,N,N,N,N,11.88,0.382,48,0.0,0.045541
NB010011760,2400,NI,11,1558.26,0,0,N,N,N,N,24.85,0.1627,74,0.0,0.046902
NB010011767,2130,SW,6,254766.7,0.0,0,N,N,N,N,7911.18,5.5717,38,66.5,0.014242
NB010011774,2400,LON,8,22793.91,2500,0,N,N,N,N,336.21,0.224,80,0.0,0.034753
NB010011781,2110,MID,6,384789.16,0.0,0,N,N,N,N,5747.48,3.2162,79,76.7,0.020435
NB010011788,2600,SE,6,816.38,4183.62,0,N,N,N,N,16.9,0.2851,57,0.0,0.016576
NB010011795,2101,WAL,9,148764.04,0.0,5,N,N,N,Y,0.0,6.0681,218,55.3,0.039147
NB010011802,2110,NW,5,540516.94,0.0,0,N,N,N,N,2785.2,3.2474,229,79.2,0.009997
NB010011809,2130,SW,8,550406.66,0.0,0,N,N,N,N,7297.53,4.7465,89,64.7,0.031286
NB010011816,2100,SW,10,430682.88,0.0,0,N,N,N,N,1815.02,5.0099,280,67.5,0.064037
NB010011823,2600,SW,9,107.68,892.32,190,N,N,Y,N,4.54,0.275,28,0.0,0.067255
NB010011830,2100,NE,9,91639.64,0.0,0,N,N,N,N,572.14,5.5245,189,58.4,0.046394
NB010011837 ,2500,NI,5,2215.05,2784.95,0,N,N,N,N,53.34,0.2158,49,0.0,0.005748
NB010011844,2110,WAL,7,248681.77,0.0,0,N,N,N,N,1248.7,3.3486,235,81.2,0.026059
NB010011851,2400,WAL,4,17318.83,0,0,N,N,N,N,756.9,0.1413,27,0.0,0.005083
NB010011858,2110,SW,7,378142.49,0.0,0,N,N,N,N,2075.39,5.9138,215,82.4,0.022059
NB010011865,2700,NW,4,39380.85,0,0,N,N,N,N,829.81,0.0625,56,0.0,0.005531
NB010011872,2100,MID,7,517370.85,0.0,0,N,N,N,N,5004.08,3.963,122,56.7,0.026627
NB010011879,2100,NI,4,250665.52,0.0,0,N,N,N,N,2068.43,5.6147,143,64.6,0.006954
NB010011886,2100,NW,10,391352.41,0.0,0,N,N,N,N,3252.08,3.9727,142,56.2,0.070799
NB010011893,2400,SW,9,29960.95,0,0,N,N,N,N,589.23,0.0986,60,0.0,0.06266
NB010011900,2100,SCO,11,134892.91,0.0,0,N,N,N,N,1196.79,5.0813,133,41.2,0.066164
NB010011907,2500,NI,3,2952.53,2047.47,0,N,N,N,N,39.59,0.232,88,0.0,0.00248
NB010011914,2120,NW,7,244961.61,0.0,0,N,N,N,N,4250.8,4.0168,68,60.2,0.034444
NB010011921,2100,NW,5,147113.78,0.0,0,N,N,N,N,635.88,2.1892,273,82.2,0.010558
NB010011928,2100,SCO,9,187705.78,0.0,0,N,N,N,N,2129.74,2.4488,104,81.5,0.068475
NB010011935,2100,SCO,3,199982.62,0.0,0,N,N,N,N,983.25,4.2098,240,56.1,0.002353
NB010011942,2101,NI,8,360062.86,0.0,0,Y,N,N,Y,0.0,4.1459,119,40.4,0.033887
NB010011949,2400,LON,2,18741.36,2500,0,N,N,N,N,480.76,0.0815,46,0.0,0.001928
NB010011956 ,2400,NW,7,13791.68,0,0,N,N,N,N,242.9,0.2246,67,0.0,0.038609
NB010011963,2500,NI,8,1613.69,1386.31,0,N,N,N,N,23.8,0.3347,80,0.0,0.036614
NB010011970 ,2500,NW,3,1977.64,1022.36,0,N,N,N,N,38.89,0.2202,60,0.0,0.003812
NB010011977,2130,NI,6,210917.14,0.0,0,N,N,N,N,2705.24,6.7656,92,57.7,0.024721
NB010011984,2120,SW,5,153355.34,0.0,95,N,N,Y,N,1198.41,7.8637,151,81.7,0.008429
NB010011991,2500,LON,1,1087.65,6912.35,12,N,N,N,N,44.26,0.2752,29,0.0,0.000848
NB010011998,2100,NE,5,76276.55,0.0,0,N,N,N,N,463.95,2.8453,194,41.2,0.010608
NB010012005,2110,SCO,6,603050.57,0.0,0,N,N,N,N,5432.06,4.1478,131,73.0,0.014737
NB010012012,2600,SCO,6,252.67,247.33,,N,Y,N,N,9.03,0.3303,33,0.0,0.012963
NB010012019,2100,SW,3,542735.41,0.0,0,N,N,N,N,4478.52,4.0574,143,58.5,0.002327
NB010012026,2100,NI,8,256125.98,0.0,0,N,N,N,N,1865.61,5.644,162,65.9,0.035316
NB010012033,2500,MID,9,121.28,1378.72,0,N,N,N,N,2.98,0.2425,48,0.0,0.059198
NB010012040,2110,NE,8,434097.25,0.0,0,N,N,N,N,3738.94,4.6896,137,70.4,0.030075
NB010012047,2500,MID,4,3808.65,4191.35,0,N,N,N,N,48.85,0.2721,92,0.0,0.004838
NB010012054,2400,SW,5,4240.31,0,0,N,N,N,N,138.99,0.0973,36,0.0,0.007369
NB010012061,2101,NI,5,71442.37,0.0,0,N,N,N,N,759.48,4.685,111,63.8,0.007953
NB010012068,2100,NW,5,266678.63,0.0,0,N,N,N,N,1238.9,3.7722,254,66.3,0.009683
NB010012075,2700,WAL,9,18642.74,0,0,N,N,N,N,523.77,0.1146,42,0.0,0.066469
NB010012082,2100,LON,15,512730.84,0.0,0,N,N,N,N,4416.22,4.8311,137,85.8,0.113041
NB010012089,2500,SW,6,5310.61,2689.39,0,N,N,N,N,76.42,0.2864,82,0.0,0.020144
NB010012096,2100,NI,6,177974.67,0.0,0,N,N,N,N,2258.17,4.9028,93,68.9,0.013015
NB010012103,2500,SW,4,205.66,1294.34,0,N,N,N,N,2.67,0.2333,91,0.0,0.006816
NB010012110,2110,NE,6,251534.03,0.0,0,N,N,N,N,3854.68,5.6899,77,83.6,0.013598
NB010012117,2500,SW,3,1142.17,357.83,0,N,N,N,N,20.42,0.2913,66,0.0,0.002142
NB010012124,2110,WAL,11,303728.72,0.0,0,N,N,N,N,2844.44,5.4638,126,91.9,0.080813
NB010012131,2700,SE,6,6762.41,2500,0,N,N,N,N,177.33,0.1351,45,0.0,0.012518
NB010012138,2400,WAL,4,35132.45,2500,0,N,Y,N,N,560.22,0.0706,74,0.0,0.00606
NB010012145,2110,SW,9,171340.95,0.0,0,N,N,N,N,1347.88,3.1607,150,81.1,0.051808
NB010012152 ,2110,SE,9,529736.32,0.0,0,N,N,N,N,2185.63,6.0455,286,69.3,0.064116
NB010012159,2600,LON,12,878.41,121.59,0,N,N,N,N,29.61,0.2176,35,0.0,0.104283
NB010012166,2700,SE,7,35446.35,0,0,N,N,N,N,435.69,0.1488,96,0.0,0.024261
NB010012173,2100,LON,4,78714.76,0.0,0,N,N,N,N,767.63,4.9693,121,42.0,0.004711
NB010012180,2110,LON,8,247218.15,0.0,0,N,N,N,N,1789.68,6.1287,163,79.6,0.026785
NB010012187,2400,MID,9,17308.65,2500,0,N,N,N,N,1021.21,0.0986,20,0.0,0.053388
NB010012194,2400,WAL,8,26181.27,2500,0,N,N,N,N,1471.14,0.0793,21,0.0,0.027011
NB010012201,2100,SW,9,88082.45,0.0,0,N,N,N,N,371.2,2.8548,280,69.5,0.067899
NB010012208,2400,WAL,8,3634.21,0,0,N,Y,N,N,59.56,0.1211,72,0.0,0.051295
NB010012215 ,2700,MID,2,27778.25,0,0,N,N,N,N,404.67,0.0594,81,0.0,0.001677
NB010012222,2700,SCO,15,18897.32,0,0,N,N,Y,N,234.72,0.1264,95,0.0,0.134498
NB010012229 ,2600,NE,1,1468.12,1031.88,0,N,N,N,N,86.62,0.233,20,0.0,0.000658
NB010012236,2400,SCO,5,34152.99,0,0,N,N,N,N,2238.92,0.0878,18,0.0,0.006057
NB010012243,2120,MID,8,421587.6,0.0,0,N,N,N,N,2763.74,4.6566,180,72.1,0.031104
NB010012250 ,2110,LON,5,508520.24,0.0,0,N,N,N,N,2655.11,4.1611,226,71.7,0.009948
NB010012257 ,2500,SE,5,8637.09,3362.91,0,N,N,N,N,443.12,0.2746,23,0.0,0.009094
NB010012264,2500,NE,4,4959.07,7040.93,0,N,N,N,N,61.6,0.2048,95,0.0,0.007112
NB010012271,2110,NE,7,296877.05,0.0,0,N,N,N,N,4073.43,5.8362,86,71.5,0.024395
NB010012278,2400,SCO,6,18157.91,0,0,N,N,N,N,428.53,0.1098,50,0.0,0.01645
NB010012285,2120,NI,6,491115.4,0.0,0,N,N,N,N,15662.6,6.0894,37,64.0,0.022687
NB010012292,2500,LON,5,307.18,2692.82,0,N,N,N,N,4.07,0.3079,89,0.0,0.009634
NB010012299,2400,NE,11,27617.32,0,0,N,N,N,N,1123.74,0.1266,29,0.0,0.088585
NB010012306,2500,LON,7,3115.84,8884.16,0,N,N,N,N,65.66,0.345,56,0.0,0.029753
NB010012313 ,2500,MID,7,565.73,4434.27,130,N,N,Y,N,33.38,0.2789,20,0.0,0.032742
NB010012320,2100,NE,2,132156.0,0.0,0,N,N,N,N,1380.04,5.4957,113,53.2,0.001606
NB010012327,2500,LON,6,4701.52,298.48,0,N,N,N,N,58.4,0.3403,95,0.0,0.021001
NB010012334,2400,LON,12,2828.55,2500,0,N,N,N,N,208.61,0.1081,16,0.0,0.054788
NB010012341,2400,SE,8,8036.35,2500,0,N,N,N,N,305.9,0.1014,31,0.0,0.041346
NB010012348,2600,LON,7,1667.19,3332.81,0,N,N,N,N,93.68,0.1594,21,0.0,0.026177
NB010012355,2500,SCO,4,772.65,2227.35,0,N,N,N,N,9.7,0.3023,94,0.0,0.003868
NB010012362,2500,NE,6,1244.1,255.9,0,N,N,N,N,27.19,0.2547,54,0.0,0.01461
NB010012369 ,2600,NW,3,204.89,795.11,0,N,N,N,N,6.2,0.2444,39,0.0,0.004113
NB010012376 ,2500,SE,9,2567.55,5432.45,22,N,N,N,N,67.33,0.235,45,0.0,0.065236
NB010012383,2700,MID,9,10693.52,0,0,N,N,N,N,280.41,0.0866,45,0.0,0.068765
NB010012390,2500,SE,5,8201.77,3798.23,35,N,N,N,N,201.63,0.2471,48,0.0,0.0056
NB010012397,2110,NI,11,591663.53,0.0,0,N,N,N,N,11260.69,4.3722,62,71.7,0.072453
NB010012404,2100,SW,7,233882.26,0.0,0,N,N,N,N,1095.16,5.3243,252,53.0,0.037824
NB010012411,2100,SW,7,506790.85,0.0,0,N,N,N,N,2392.05,2.402,250,58.3,0.039932
NB010012418,2500,SCO,12,1574.66,1425.34,5,N,N,N,N,68.82,0.2867,27,0.0,0.070013
NB010012425,2100,WAL,5,391649.96,0.0,N/A,N,N,N,N,2432.35,5.4476,190,45.6,0.006484
NB010012432,2400,SCO,11,13885.34,0,0,N,N,N,N,277.71,0.1619,59,0.0,0.050126
NB010012439,2700,MID,8,5045.87,0,0,Y,N,N,N,77.33,0.0754,77,0.0,0.049915
NB010012446,2100,NW,7,125549.58,0.0,0,N,N,N,N,832.29,3.1503,178,72.0,0.036926
NB010012453,2400,MID,4,15186.18,2500,0,N,N,N,N,1194.65,0.2067,15,0.0,0.004195
NB010012460 ,2100,WAL,8,230229.71,0.0,35,N,N,N,N,4453.62,5.5873,61,71.7,0.036116
NB010012467 ,2400,NW,8,33438.19,0,0,N,N,N,N,839.51,0.1254,47,0.0,0.047599
NB010012474,2101,SE,7,583713.69,0.0,0,N,N,N,Y,0.0,5.6598,183,65.7,0.036503
NB010012481 ,2700,WAL,6,35369.15,0,0,N,N,N,N,556.47,0.0735,75,0.0,0.021057
NB010012488,2120,WAL,3,521706.83,0.0,0,N,N,N,N,3708.52,4.3166,166,76.7,0.002658
NB010012495,2101,NW,3,348955.2,0.0,0,N,N,N,N,4036.93,5.4556,102,76.6,0.003261
NB010012502,2400,WAL,6,31909.65,0,0,N,N,N,N,570.51,0.1915,66,0.0,0.019087
NB010012509 ,2400,WAL,7,8462.99,0,0,N,N,N,N,665.76,0.1789,15,0.0,0.028523
NB010012516,2120,WAL,6,380058.6,0.0,0,N,N,N,N,4928.23,7.583,91,83.4,0.022344
NB010012523,2101,SW,12,336926.5,0.0,0,N,N,N,Y,0.0,2.498,132,73.6,0.055389
NB010012530 ,2101,MID,8,67390.21,0.0,12,N,N,N,Y,0.0,5.6934,49,72.7,0.028297
NB010012537,2100,NW,2,61667.85,0.0,0,N,N,N,N,373.17,4.64,195,61.7,0.001216
NB010012544,2110,SW,10,245807.56,0.0,130,N,N,Y,N,1812.83,3.1633,160,74.2,0.058856
NB010012551,2120,SW,8,124867.01,0.0,0,N,N,N,N,1430.52,4.2105,103,77.0,0.031756
NB010012558,2110,NI,10,309866.19,0.0,190,N,N,Y,N,1445.23,5.7313,253,80.9,0.04115
NB010012565,2100,SW,3,507598.38,0.0,0,N,N,N,N,3071.62,4.7718,195,77.8,0.003808
NB010012572 ,2110,WAL,6,576477.04,0.0,0,N,N,N,N,2464.65,3.5265,276,82.5,0.013025
NB010012579,2600,NI,5,1161.24,1338.76,0,N,N,N,N,62.28,0.3402,22,0.0,0.007525
NB010012586,2600,SW,5,166.89,333.11,0,N,N,N,N,3.4,0.1898,58,0.0,0.006405
NB010012593,2700,NI,6,15396.33,0,0,N,N,N,N,263.3,0.117,69,0.0,0.016727
NB010012600,2500,MID,4,2926.33,2073.67,0,N,N,N,N,34.19,0.304,101,0.0,0.005686
NB010012607,2400,LON,9,37716.66,0,0,N,N,N,N,549.45,0.1444,81,0.0,0.035399
NB010012614,2100,LON,7,213107.79,0.0,0,N,N,N,N,1404.84,3.2215,179,73.1,0.038869
NB010012621,2101,NE,8,348115.31,0.0,0,N,N,N,Y,0.0,2.8165,92,48.9,0.053978
NB010012628,2101,NI,9,535520.58,0.0,0,N,N,N,Y,0.0,4.12,84,56.3,0.053734
NB010012635,2400,SE,6,11458.2,0,0,N,N,N,N,190.43,0.0709,71,0.0,0.012299
NB010012642,2500,NW,6,5131.61,6868.39,0,N,N,N,N,318.7,0.3207,19,0.0,0.024407
NB010012649,2100,SW,10,473375.21,0.0,0,N,N,N,N,8214.45,5.318,68,46.9,0.077763
NB010012656,2400,SE,15,7370.03,0,,N,N,Y,N,158.12,0.1666,55,0.0,0.0886
NB010012663,2100,SE,4,116829.54,0.0,0,N,N,N,N,1120.8,5.032,123,50.9,0.0044
NB010012670 ,2400,LON,8,4703.96,2500,0,N,N,N,N,69.38,0.2142,80,0.0,0.046462
NB010012677,2101,NI,7,570149.29,0.0,0,N,N,N,Y,0.0,5.2526,144,48.4,0.027533
NB010012684,2400,NE,11,36890.26,2500,0,N,N,N,N,1061.72,0.1449,41,0.0,0.09554
NB010012691,2600,NI,2,40.61,459.39,0,N,N,N,N,2.0,0.2479,24,0.0,0.001836
NB010012698,2130,NW,11,379802.03,0.0,0,N,N,N,N,14005.2,4.9457,32,77.7,0.093369
NB010012705,2400,SE,7,34896.89,0,0,N,N,N,N,2422.25,0.171,17,0.0,0.020442
NB010012712,2400,NI,2,19846.65,0,0,N,N,N,N,1301.06,0.1493,18,0.0,0.001232
NB010012719,2400,NE,6,35741.1,2500,0,N,N,N,N,1757.27,0.0751,24,0.0,0.019866
NB010012726,2500,NW,6,389.51,2610.49,0,N,N,N,N,6.21,0.2413,74,0.0,0.014564
NB010012733,2100,LON,10,222269.17,0.0,0,N,N,N,N,1425.42,3.423,184,75.4,0.049102
NB010012740,2100,LON,6,406337.5,0.0,0,N,N,N,N,1858.44,4.9831,258,76.1,0.021887
NB010012747,2400,MID,3,21116.9,0,,N,N,N,N,366.44,0.2051,68,0.0,0.003676
NB010012754,2110,NI,9,541446.41,0.0,0,N,N,N,N,2555.63,4.1766,250,75.1,0.063992
NB010012761,2500,WAL,4,3685.44,4314.56,0,N,N,N,N,36.85,0.3076,118,0.0,0.005445
NB010012768,2100,MID,6,329798.02,0.0,0,N,N,N,N,3040.33,3.3363,128,54.8,0.023505
NB010012775,2500,SE,8,2247.29,5752.71,0,N,N,N,N,189.41,0.3265,14,0.0,0.026436
NB010012782,2100,NI,9,137665.96,0.0,0,N,N,N,N,902.48,3.5701,180,40.1,0.056423
NB010012789,2400,LON,7,9809.37,2500,0,N,N,N,N,385.84,0.1449,30,0.0,0.020276
NB010012796,2110,NE,11,592237.63,0.0,0,N,N,N,N,3511.76,6.5012,199,75.7,0.078666
NB010012803,2100,NI,6,606777.65,0.0,0,N,N,N,N,6819.03,4.7125,105,56.0,0.015557
NB010012810,2500,SW,6,582.17,7417.83,0,N,N,N,N,9.04,0.2039,76,0.0,0.014979
NB010012817,2101,NE,8,425030.16,0.0,0,N,N,N,Y,0.0,4.951,144,71.1,0.052664
NB010012824,2100,SCO,7,147540.15,0.0,0,N,N,N,N,1892.36,4.6224,92,40.8,0.023045
NB010012831,2100,NE,8,89736.48,0.0,0,N,N,N,N,379.53,2.4017,279,87.8,0.041223
NB010012838,2100,WAL,11,399430.4,0.0,0,N,N,N,N,5678.65,3.8475,83,56.8,0.07744
NB010012845,2110,SW,5,197630.74,0.0,0,N,N,N,N,921.76,4.5615,253,70.3,0.011094
NB010012852,2500,MID,9,2110.02,889.98,0,N,N,N,N,36.62,0.3001,68,0.0,0.057832
NB010012859 ,2100,WAL,5,468471.41,0.0,0,N,N,N,N,4125.35,2.2033,134,42.3,0.010943
NB010012866,2101,MID,5,466578.02,0.0,999,N,N,N,N,6633.28,5.5789,83,71.3,0.006293
NB010012873,2500,SE,5,2822.34,2177.66,0,N,N,N,N,77.45,0.3073,43,0.0,0.009734
NB010012880,2100,MID,7,228890.79,0.0,0,Y,N,N,N,1421.53,5.622,190,60.6,0.032838
NB010012887,2400,NI,10,24617.91,0,0,N,N,N,N,645.54,0.1249,45,0.0,0.065716
NB010012894,2100,SW,6,220481.95,0.0,0,N,N,N,N,932.5,3.1406,279,68.0,0.022366
NB010012901,2100,LON,7,382708.25,0.0,0,N,N,N,N,1510.35,5.0477,299,38.1,0.035877
NB010012908,2400,NW,5,34132.26,0,0,N,N,N,N,529.95,0.1376,76,0.0,0.005809
NB010012915,2400,NE,9,31716.54,0,95,Y,N,Y,N,733.83,0.1676,51,0.0,0.061225
NB010012922,2110,LON,4,439792.3,0.0,0,N,N,N,N,3348.1,3.4653,155,77.8,0.003967
NB010012929,2100,NW,6,546702.14,0.0,0,N,N,N,N,4962.37,4.2373,130,62.0,0.022664
NB010012936,2500,NE,14,2426.28,5573.72,0,N,N,N,N,30.46,0.2674,94,0.0,0.067267
NB010012943,2101,NW,9,373205.28,0.0,0,N,N,N,N,1906.42,3.2343,231,66.3,0.049117
NB010012950,2500,SE,7,3776.3,4223.7,0,N,N,N,N,96.87,0.2046,46,0.0,0.038353
NB010012957,2400,MID,8,37246.39,2500,0,N,N,N,N,563.47,0.1881,78,0.0,0.040283
NB010012964,2110,SCO,10,178672.94,0.0,75,N,N,N,N,830.06,4.2022,254,78.8,0.079532
NB010012971,2110,NI,7,159540.09,0.0,0,N,N,N,N,2728.37,5.2061,69,75.8,0.020958
NB010012978,2110,SE,7,357125.54,0.0,0,N,N,N,N,1602.31,4.2917,263,86.7,0.036663
NB010012985,2110,SW,6,550082.08,0.0,0,N,N,N,N,4539.14,5.0953,143,83.9,0.014464
NB010012992 ,2110,NI,8,133191.55,0.0,0,N,N,N,N,1001.06,6.0792,157,77.3,0.043565
NB010012999 ,2110,SCO,11,457346.91,0.0,0,N,N,N,N,2453.04,4.1778,220,82.5,0.04901
NB010013006,2120,NW,5,599489.87,0.0,0,N,N,N,N,14436.69,4.3455,49,61.5,0.00762
NB010013013,2110,NE,9,426515.07,0.0,0,N,N,N,N,2013.15,4.3143,250,90.5,0.051482
NB010013020,2600,MID,6,173.43,326.57,0,N,N,N,N,10.77,0.3572,19,0.0,0.018753
NB010013027,2500,SCO,10,2176.54,5823.46,0,N,N,N,N,27.03,0.1918,95,0.0,0.071846
NB010013034 ,2100,NW,11,212457.48,0.0,0,N,N,N,N,835.67,3.4176,300,55.2,0.058426
NB010013041,2400,WAL,8,6593.03,0,0,N,N,N,N,457.63,0.1827,17,0.0,0.043871
NB010013048,2100,NW,4,417695.18,0.0,0,N,N,N,N,2678.7,3.1564,184,64.7,0.00407
NB010013055,2100,MID,6,215887.42,0.0,0,N,N,N,N,1582.28,2.335,161,50.9,0.013514
NB010013062,2500,SW,9,6818.96,1181.04,0,N,N,N,N,141.16,0.2295,57,0.0,0.03489
NB010013069,2110,SCO,9,343750.58,0.0,0,N,N,N,N,4225.27,3.4249,96,84.7,0.068088
NB010013076,2100,SE,4,393471.17,0.0,0,N,N,N,N,3074.81,4.0281,151,79.8,0.005282
NB010013083 ,2600,MID,6,2737.99,2262.01,0,N,N,N,N,62.13,0.3004,52,0.0,0.013536
NB010013090,2700,NW,7,3232.84,0,0,N,N,N,N,65.77,0.1444,58,0.0,0.021024
NB010013097,2100,NI,4,305169.26,0.0,0,N,N,N,N,1379.69,2.1812,261,77.0,0.003554
NB010013104,2100,NW,6,176964.05,0.0,0,Y,N,N,N,3480.29,4.689,60,48.6,0.025614
NB010013111,2100,SW,5,603198.22,0.0,0,N,N,N,N,4652.12,5.6449,153,58.0,0.005625
NB010013118,2400,MID,7,8509.09,0,95,N,N,Y,N,358.6,0.1917,28,0.0,0.034297
NB010013125,2101,LON,6,527544.19,0.0,47,N,N,N,Y,0.0,3.4569,203,62.8,0.018731
NB010013132,2100,LON,6,189044.17,0.0,0,N,N,N,N,1677.23,5.8935,133,87.6,0.022969
NB010013139,2700,NI,3,38707.05,2500,0,Y,N,N,N,1171.14,0.1264,39,0.0,0.004037
NB010013146,2110,SE,7,47893.77,0.0,0,N,N,N,N,253.43,4.8337,223,84.1,0.025227
NB010013153,2100,SCO,8,82336.61,0.0,0,N,Y,N,N,449.8,3.0015,216,82.4,0.04883
NB010013160,2400,SE,7,14564.21,0,0,N,N,N,N,1227.55,0.1133,14,0.0,0.031391
NB010013167,2110,SW,4,582260.13,0.0,130,N,N,Y,N,2987.25,4.5478,230,86.3,0.005995
NB010013174,2400,NE,6,13215.21,0,0,N,N,N,N,537.72,0.1013,29,0.0,0.015691
NB010013181,2600,NW,6,544.61,455.39,0,N,N,N,N,13.39,0.2502,48,0.0,0.021016
NB010013188,2100,MID,7,545660.74,0.0,0,N,N,N,N,3219.4,2.2122,200,58.9,0.029369
NB010013195,2110,SCO,7,150738.64,0.0,0,N,N,N,N,689.42,4.9327,258,68.4,0.036789
NB010013202,2110,SE,11,385173.67,0.0,0,N,N,N,N,6783.66,6.3059,67,70.6,0.072807
NB010013209,2110,LON,6,590820.41,0.0,0,N,N,N,N,4556.65,3.1899,153,91.2,0.021264
NB010013216,2100,SE,2,219792.45,0.0,0,N,N,N,N,926.27,3.5168,280,44.4,0.001616
NB010013223,2130,NE,5,615582.57,0.0,0,N,N,N,N,6852.71,7.2468,106,73.1,0.010471
NB010013230,2100,NI,7,537751.46,0.0,75,N,N,N,N,2723.38,5.0024,233,48.3,0.032701
NB010013237,2120,MID,6,506999.36,0.0,0,N,N,N,N,7122.13,4.1799,84,81.0,0.021995
NB010013244,2100,SW,7,189302.84,0.0,0,N,N,N,N,3237.35,5.8083,69,66.3,0.027514
NB010013251,2500,SW,9,3654.63,8345.37,0,N,N,N,N,36.55,0.2455,118,0.0,0.056387
NB010013258,2500,NW,6,937.67,562.33,5,N,N,N,N,12.16,0.2647,91,0.0,0.015198
NB010013265,2110,NE,4,265175.98,0.0,0,N,N,N,N,1360.47,4.252,230,70.7,0.003904
NB010013272,2500,MID,2,9175.38,2824.62,0,N,N,N,N,93.34,0.2849,116,0.0,0.001205
NB010013279,2500,SCO,10,2213.45,786.55,0,N,N,N,N,42.82,0.2246,61,0.0,0.048354
NB010013286,2100,NI,9,378826.86,0.0,0,N,N,N,N,2050.53,4.2123,218,73.4,0.040625
NB010013293,2110,NW,6,418303.74,0.0,N/A,N,N,N,N,2100.42,3.2108,235,70.7,0.013349
NB010013300,2400,SCO,5,39318.58,0,0,N,N,N,N,653.46,0.0771,71,0.0,0.008244
NB010013307,2500,LON,9,826.79,11173.21,0,N,N,N,N,25.02,0.335,39,0.0,0.033355
NB010013314,2400,LON,9,8214.61,0,0,N,N,N,N,248.54,0.115,39,0.0,0.065021
NB010013321,2600,MID,7,183.54,316.46,190,N,N,Y,N,14.44,0.2436,15,0.0,0.033614
NB010013328,2120,NW,8,263365.6,0.0,0,N,N,N,N,1966.91,5.6195,158,75.4,0.04456
NB010013335,2400,NW,8,19529.15,0,0,N,N,N,N,1212.86,0.0733,19,0.0,0.035495
NB010013342,2500,NE,8,1272.98,3727.02,12,N,N,N,N,34.93,0.264,43,0.0,0.035092
NB010013349,2100,SE,5,173607.92,0.0,0,N,N,N,N,2529.1,5.158,81,75.5,0.00835
NB010013356,2400,WAL,7,25153.08,0,0,Y,N,N,N,1562.14,0.1727,19,0.0,0.029672
NB010013363,2500,SE,11,3590.54,1409.46,35,N,N,N,N,40.74,0.2686,104,0.0,0.057483
NB010013370,2600,SE,7,1822.82,3177.18,N/A,N,N,N,N,39.11,0.388,55,0.0,0.036297
NB010013377,2600,NE,4,1436.25,3563.75,0,N,N,N,N,130.37,0.2984,13,0.0,0.003461
NB010013384,2400,SE,14,8239.17,2500,0,N,N,N,N,206.86,0.0993,47,0.0,0.076239
NB010013391,2700,SCO,8,2838.42,0,0,N,N,N,N,81.69,0.0804,41,0.0,0.052591
NB010013398,2120,NW,5,490266.14,0.0,0,N,N,N,N,13453.82,6.5681,43,84.4,0.008932
NB010013405,2400,NE,15,27434.95,0,0,N,N,Y,N,1294.93,0.2195,25,0.0,0.103182
NB010013412 ,2120,LON,8,441841.74,0.0,0,N,N,N,N,4344.78,7.6526,120,79.0,0.042144
NB010013419,2400,NE,8,30020.95,0,0,N,N,N,N,1221.54,0.2285,29,0.0,0.044502
NB010013426,2500,LON,7,408.11,1091.89,0,N,N,N,N,8.03,0.2738,60,0.0,0.029125
NB010013433,2500,NW,11,402.67,1097.33,0,N,Y,N,N,13.2,0.3363,36,0.0,0.073927
NB010013440,2100,WAL,4,76721.45,0.0,0,N,N,N,N,360.68,4.4021,251,56.0,0.006644
NB010013447,2130,LON,5,205969.0,0.0,0,N,N,N,N,3574.17,7.9462,68,79.4,0.007938
NB010013454,2100,NI,2,261951.84,0.0,0,N,Y,N,N,1246.38,5.774,248,78.3,0.002059
NB010013461,2120,LON,7,573890.94,0.0,0,N,N,N,N,10260.47,6.2351,66,71.2,0.019502
NB010013468,2100,NE,10,106573.98,0.0,0,N,N,N,N,579.53,4.1652,217,41.2,0.050276
NB010013475 ,2500,WAL,4,6535.28,1464.72,999,N,N,N,N,220.33,0.3053,35,0.0,0.005931
NB010013482,2700,LON,9,3281.69,0,0,N,N,N,N,61.47,0.125,63,0.0,0.058495
NB010013489,2500,MID,10,849.53,650.47,12,N,N,N,N,34.57,0.2357,29,0.0,0.049951
NB010013496,2100,NE,6,438316.52,0.0,0,N,N,N,N,4789.01,3.5048,108,50.0,0.020713
NB010013503,2100,SE,7,546646.74,0.0,0,N,N,N,N,6386.57,5.0726,101,73.3,0.039762
NB010013510,2500,NE,4,10203.72,1796.28,0,N,N,N,N,602.02,0.1947,20,0.0,0.004454
NB010013517,2400,WAL,8,15887.36,0,0,N,N,N,N,937.35,0.1606,20,0.0,0.052908
NB010013524,2100,NW,4,164998.53,0.0,22,N,N,N,N,1118.96,2.3785,174,54.6,0.005358
NB010013531,2100,WAL,7,135739.49,0.0,5,N,N,N,N,847.47,2.6639,189,52.6,0.034952
NB010013538,2500,MID,8,3454.61,4545.39,0,N,N,N,N,110.17,0.1968,37,0.0,0.035722
NB010013545 ,2700,WAL,10,34128.66,2500,0,N,N,N,N,774.46,0.1094,52,0.0,0.049147
NB010013552,2400,NE,9,1259.87,0,0,N,N,N,N,30.97,0.1991,48,0.0,0.042376
NB010013559,2700,SW,9,27753.59,0,0,N,N,N,N,467.85,0.0708,70,0.0,0.033479
NB010013566 ,2120,SCO,12,548453.8,0.0,0,N,N,N,N,4257.73,6.6291,152,86.9,0.067061
NB010013573,2100,LON,8,536232.41,0.0,0,N,N,N,N,2561.76,5.2534,247,44.9,0.041635
NB010013580,2600,MID,5,133.93,866.07,0,N,N,N,N,2.77,0.3897,57,0.0,0.008269
NB010013587,2500,WAL,8,10278.65,1721.35,0,N,N,N,N,173.27,0.3229,70,0.0,0.036437
NB010013594,2120,SCO,8,567681.04,0.0,0,N,N,N,N,4819.16,8.3992,139,80.5,0.035874
NB010013601,2700,SW,6,16735.29,0,35,N,N,N,N,533.72,0.1203,37,0.0,0.021889
NB010013608 ,2110,NE,5,324876.36,0.0,0,N,N,N,N,1374.03,5.6373,279,68.1,0.008322
NB010013615,2500,NW,3,6853.94,1146.06,0,N,Y,N,N,137.08,0.3149,59,0.0,0.002807
NB010013622,2101,SE,5,132237.6,0.0,0,N,N,N,Y,0.0,4.6189,57,71.7,0.006494
NB010013629,2100,SCO,8,240626.95,0.0,0,N,N,N,N,2103.26,3.3595,135,36.3,0.050513
NB010013636,2130,LON,1,448080.14,0.0,0,N,N,N,N,6778.65,8.1437,78,77.1,0.000797
NB010013643,2110,LON,8,192133.21,0.0,0,N,N,N,N,1585.43,6.4952,143,88.0,0.042572
NB010013650,2120,SE,7,542620.29,0.0,0,N,N,N,N,5081.68,6.9146,126,74.1,0.024888
NB010013657 ,2101,WAL,6,268359.36,0.0,0,N,N,N,Y,0.0,5.9208,64,61.5,0.021269
NB010013664,2101,NW,6,529654.42,0.0,0,N,N,N,Y,0.0,4.2235,213,68.4,0.02368
NB010013671,2110,MID,13,314836.36,0.0,0,N,N,N,N,1456.89,5.0285,255,89.9,0.101902
NB010013678 ,2101,SCO,5,95729.42,0.0,0,N,N,N,Y,0.0,3.8908,73,45.5,0.009116
NB010013685,2120,MID,9,355427.54,0.0,0,N,N,N,N,2872.63,7.7822,146,87.5,0.050781
NB010013692,2500,SW,7,78.3,1421.7,0,N,N,N,N,0.88,0.3458,105,0.0,0.02816
NB010013699,2400,NI,7,41993.27,2500,N/A,N,N,N,N,1598.45,0.1237,31,0.0,0.031638
NB010013706,2110,NW,9,238684.61,0.0,0,N,N,N,N,3313.5,3.3407,85,78.0,0.047005
NB010013713 ,2110,NE,3,528045.43,0.0,0,N,N,N,N,2512.47,3.5703,248,84.3,0.001995
NB010013720,2600,SE,8,3495.81,1504.19,0,N,N,N,N,84.18,0.2514,49,0.0,0.037478
NB010013727,2100,SE,8,444581.3,0.0,0,N,N,N,N,1972.2,3.4897,266,39.0,0.044855
NB010013734,2100,SE,6,506102.46,0.0,0,N,N,N,N,2203.69,3.0805,271,42.9,0.019742
NB010013741,2110,LON,8,318115.03,0.0,0,N,N,N,N,5687.51,4.9437,66,85.1,0.026448
NB010013748,2120,SE,7,437241.97,0.0,0,N,N,N,N,3582.96,5.3291,144,65.1,0.023264
NB010013755,2110,LON,5,550318.06,0.0,0,N,N,N,N,9276.79,5.7464,70,70.1,0.008725
NB010013762 ,2101,NW,6,50387.19,0.0,0,N,N,N,Y,0.0,6.1529,56,64.2,0.014272
NB010013769,2500,SW,8,2645.5,354.5,0,N,N,N,N,36.3,0.3317,86,0.0,0.034373
NB010013776,2100,SE,4,256031.28,0.0,0,N,N,N,N,1624.28,2.9632,186,49.3,0.00708
NB010013783,2600,MID,6,684.98,315.02,0,N,Y,N,N,18.37,0.3815,44,0.0,0.022377
NB010013790,2100,NI,9,192482.14,0.0,0,N,N,N,N,1041.88,4.5909,218,64.4,0.051465
NB010013797,2101,MID,6,303216.67,0.0,0,N,N,N,Y,0.0,3.4477,49,46.0,0.016986
NB010013804,2400,SW,6,20708.07,0,0,N,N,N,N,375.93,0.0756,65,0.0,0.013134
NB010013811,2100,NI,3,69825.54,0.0,35,N,N,N,N,580.24,3.5711,142,79.8,0.003039
NB010013818,2500,SW,8,4902.17,7097.83,0,N,N,N,N,48.2,0.3182,120,0.0,0.029634
NB010013825,2400,LON,8,44013.9,0,5,N,N,N,N,1366.75,0.1869,38,0.0,0.040294
NB010013832,2400,SW,6,7122.24,0,0,N,N,N,N,171.52,0.1844,49,0.0,0.024112
NB010013839,2500,SW,9,4007.54,3992.46,12,N,N,N,N,98.52,0.3247,48,0.0,0.048941
NB010013846,2100,SCO,5,269507.13,0.0,0,N,N,N,N,1353.27,5.3073,235,48.6,0.010245
NB010013853 ,2700,SE,7,41845.31,2500,0,N,N,N,N,1371.6,0.0975,36,0.0,0.033472
NB010013860,2100,SW,7,446984.79,0.0,0,N,N,N,N,2851.04,2.7859,185,73.2,0.039451
NB010013867,2130,NW,4,230887.34,0.0,0,N,N,N,N,2308.87,8.5831,118,74.9,0.006194
NB010013874 ,2500,NW,6,257.14,2742.86,0,N,N,N,N,3.99,0.2449,76,0.0,0.024439
NB010013881,2110,NW,9,281738.3,0.0,0,N,N,N,N,3291.6,4.6606,101,82.2,0.067128
NB010013888 ,2110,NE,8,532726.18,0.0,0,N,N,N,N,6103.08,5.0135,103,74.1,0.032253
NB010013895 ,2101,SW,4,313124.24,0.0,0,N,N,N,N,1866.09,5.5253,198,68.3,0.004943
NB010013902,2500,NI,6,1422.54,6577.46,0,Y,N,N,N,44.17,0.1895,38,0.0,0.01638
NB010013909,2110,WAL,5,495913.78,0.0,0,N,N,N,N,2612.4,6.3658,224,83.6,0.009134
NB010013916,2110,MID,2,337826.08,0.0,0,N,N,N,N,1418.63,3.6258,281,82.3,0.001308
NB010013923,2101,LON,12,519067.02,0.0,62,N,N,N,Y,0.0,3.8579,150,44.2,0.071926
NB010013930,2500,NW,9,2211.05,5788.95,0,N,N,N,N,100.35,0.3404,26,0.0,0.061413
NB010013937,2700,NW,4,13082.76,0,0,N,N,N,N,551.34,0.0778,28,0.0,0.005475
NB010013944,2110,LON,12,188385.04,0.0,0,N,N,N,N,1068.72,3.3692,208,82.7,0.080081
NB010013951,2700,NI,7,28935.38,0,0,N,N,N,N,656.61,0.1211,52,0.0,0.037652
NB010013958,2100,NI,8,106751.58,0.0,0,Y,N,N,N,723.95,3.5203,174,63.2,0.051257
NB010013965,2110,MID,10,601399.45,0.0,0,N,N,N,N,4608.13,5.0705,154,89.0,0.054074
NB010013972,2500,NW,7,6298.69,5701.31,0,N,Y,N,N,165.17,0.2408,45,0.0,0.026585
NB010013979,2110,NI,5,149771.75,0.0,0,N,N,N,N,1104.57,4.0312,160,82.2,0.008807
NB010013986,2500,SW,6,355.27,2644.73,0,N,N,N,N,5.18,0.218,81,0.0,0.016571
NB010013993,2400,LON,5,28324.36,0,0,N,N,N,N,1336.91,0.1144,25,0.0,0.005934
